[2026-06-11 07:11:31] laravel.EMERGENCY: Unable to create configured logger. Using emergency logger. {"exception":"[object] (InvalidArgumentException(code: 0): Log [] is not defined. at C:/Users/hp/Downloads/blog-dashboard/vendor/laravel/framework/src/Illuminate/Log/LogManager.php:212)
[stacktrace]
#0 C:/Users/hp/Downloads/blog-dashboard/vendor/laravel/framework/src/Illuminate/Log/LogManager.php(137): Illuminate/Log/LogManager->resolve(NULL, NULL)
#1 C:/Users/hp/Downloads/blog-dashboard/vendor/laravel/framework/src/Illuminate/Log/LogManager.php(124): Illuminate/Log/LogManager->get(NULL)
#2 C:/Users/hp/Downloads/blog-dashboard/vendor/laravel/framework/src/Illuminate/Log/LogManager.php(681): Illuminate/Log/LogManager->driver()
#3 C:/Users/hp/Downloads/blog-dashboard/vendor/laravel/framework/src/Illuminate/Foundation/Exceptions/Handler.php(317): Illuminate/Log/LogManager->error('The C://Users//hp...', Array)
#4 C:/Users/hp/Downloads/blog-dashboard/vendor/laravel/framework/src/Illuminate/Foundation/Exceptions/Handler.php(278): Illuminate/Foundation/Exceptions/Handler->reportThrowable(Object(Exception))
#5 C:/Users/hp/Downloads/blog-dashboard/vendor/laravel/framework/src/Illuminate/Foundation/Console/Kernel.php(523): Illuminate/Foundation/Exceptions/Handler->report(Object(Exception))
#6 C:/Users/hp/Downloads/blog-dashboard/vendor/laravel/framework/src/Illuminate/Foundation/Console/Kernel.php(203): Illuminate/Foundation/Console/Kernel->reportException(Object(Exception))
#7 C:/Users/hp/Downloads/blog-dashboard/artisan(12): Illuminate/Foundation/Console/Kernel->handle(Object(Symfony/Component/Console/Input/ArgvInput), Object(Symfony/Component/Console/Output/ConsoleOutput))
#8 {main}
"} 
[2026-06-11 07:11:31] laravel.ERROR: The C:\Users\hp\Downloads\blog-dashboard\bootstrap\cache directory must be present and writable. {"exception":"[object] (Exception(code: 0): The C:\\Users\\hp\\Downloads\\blog-dashboard\\bootstrap\\cache directory must be present and writable. at C:/Users/hp/Downloads/blog-dashboard/vendor/laravel/framework/src/Illuminate/Foundation/PackageManifest.php:178)
[stacktrace]
#0 C:/Users/hp/Downloads/blog-dashboard/vendor/laravel/framework/src/Illuminate/Foundation/PackageManifest.php(131): Illuminate/Foundation/PackageManifest->write(Array)
#1 C:/Users/hp/Downloads/blog-dashboard/vendor/laravel/framework/src/Illuminate/Foundation/PackageManifest.php(107): Illuminate/Foundation/PackageManifest->build()
#2 C:/Users/hp/Downloads/blog-dashboard/vendor/laravel/framework/src/Illuminate/Foundation/PackageManifest.php(90): Illuminate/Foundation/PackageManifest->getManifest()
#3 C:/Users/hp/Downloads/blog-dashboard/vendor/laravel/framework/src/Illuminate/Foundation/PackageManifest.php(79): Illuminate/Foundation/PackageManifest->config('aliases')
#4 C:/Users/hp/Downloads/blog-dashboard/vendor/laravel/framework/src/Illuminate/Foundation/Bootstrap/RegisterFacades.php(26): Illuminate/Foundation/PackageManifest->aliases()
#5 C:/Users/hp/Downloads/blog-dashboard/vendor/laravel/framework/src/Illuminate/Foundation/Application.php(286): Illuminate/Foundation/Bootstrap/RegisterFacades->bootstrap(Object(Illuminate/Foundation/Application))
#6 C:/Users/hp/Downloads/blog-dashboard/vendor/laravel/framework/src/Illuminate/Foundation/Console/Kernel.php(447): Illuminate/Foundation/Application->bootstrapWith(Array)
#7 C:/Users/hp/Downloads/blog-dashboard/vendor/laravel/framework/src/Illuminate/Foundation/Console/Kernel.php(199): Illuminate/Foundation/Console/Kernel->bootstrap()
#8 C:/Users/hp/Downloads/blog-dashboard/artisan(12): Illuminate/Foundation/Console/Kernel->handle(Object(Symfony/Component/Console/Input/ArgvInput), Object(Symfony/Component/Console/Output/ConsoleOutput))
#9 {main}
"} 
[2026-06-11 07:12:44] laravel.EMERGENCY: Unable to create configured logger. Using emergency logger. {"exception":"[object] (InvalidArgumentException(code: 0): Log [] is not defined. at C:/Users/hp/Downloads/blog-dashboard/vendor/laravel/framework/src/Illuminate/Log/LogManager.php:212)
[stacktrace]
#0 C:/Users/hp/Downloads/blog-dashboard/vendor/laravel/framework/src/Illuminate/Log/LogManager.php(137): Illuminate/Log/LogManager->resolve(NULL, NULL)
#1 C:/Users/hp/Downloads/blog-dashboard/vendor/laravel/framework/src/Illuminate/Log/LogManager.php(124): Illuminate/Log/LogManager->get(NULL)
#2 C:/Users/hp/Downloads/blog-dashboard/vendor/laravel/framework/src/Illuminate/Log/LogManager.php(681): Illuminate/Log/LogManager->driver()
#3 C:/Users/hp/Downloads/blog-dashboard/vendor/laravel/framework/src/Illuminate/Foundation/Exceptions/Handler.php(317): Illuminate/Log/LogManager->error('require(C://User...', Array)
#4 C:/Users/hp/Downloads/blog-dashboard/vendor/laravel/framework/src/Illuminate/Foundation/Exceptions/Handler.php(278): Illuminate/Foundation/Exceptions/Handler->reportThrowable(Object(ErrorException))
#5 C:/Users/hp/Downloads/blog-dashboard/vendor/laravel/framework/src/Illuminate/Foundation/Console/Kernel.php(523): Illuminate/Foundation/Exceptions/Handler->report(Object(ErrorException))
#6 C:/Users/hp/Downloads/blog-dashboard/vendor/laravel/framework/src/Illuminate/Foundation/Console/Kernel.php(203): Illuminate/Foundation/Console/Kernel->reportException(Object(ErrorException))
#7 C:/Users/hp/Downloads/blog-dashboard/artisan(12): Illuminate/Foundation/Console/Kernel->handle(Object(Symfony/Component/Console/Input/ArgvInput), Object(Symfony/Component/Console/Output/ConsoleOutput))
#8 {main}
"} 
[2026-06-11 07:12:44] laravel.ERROR: require(C:\Users\hp\Downloads\blog-dashboard\routes/console.php): Failed to open stream: No such file or directory {"exception":"[object] (ErrorException(code: 0): require(C:\\Users\\hp\\Downloads\\blog-dashboard\\routes/console.php): Failed to open stream: No such file or directory at C:/Users/hp/Downloads/blog-dashboard/app/Console/Kernel.php:25)
[stacktrace]
#0 C:/Users/hp/Downloads/blog-dashboard/vendor/laravel/framework/src/Illuminate/Foundation/Bootstrap/HandleExceptions.php(255): Illuminate/Foundation/Bootstrap/HandleExceptions->handleError(2, 'require(C://User...', 'C://Users//hp//Dow...', 25)
#1 C:/Users/hp/Downloads/blog-dashboard/app/Console/Kernel.php(25): Illuminate/Foundation/Bootstrap/HandleExceptions->Illuminate/Foundation/Bootstrap/{closure}(2, 'require(C://User...', 'C://Users//hp//Dow...', 25)
#2 C:/Users/hp/Downloads/blog-dashboard/app/Console/Kernel.php(25): require('C://Users//hp//Dow...')
#3 C:/Users/hp/Downloads/blog-dashboard/vendor/laravel/framework/src/Illuminate/Foundation/Console/Kernel.php(453): App/Console/Kernel->commands()
#4 C:/Users/hp/Downloads/blog-dashboard/vendor/laravel/framework/src/Illuminate/Foundation/Console/Kernel.php(199): Illuminate/Foundation/Console/Kernel->bootstrap()
#5 C:/Users/hp/Downloads/blog-dashboard/artisan(12): Illuminate/Foundation/Console/Kernel->handle(Object(Symfony/Component/Console/Input/ArgvInput), Object(Symfony/Component/Console/Output/ConsoleOutput))
#6 {main}
"} 
[2026-06-11 07:13:01] laravel.EMERGENCY: Unable to create configured logger. Using emergency logger. {"exception":"[object] (InvalidArgumentException(code: 0): Log [] is not defined. at C:/Users/hp/Downloads/blog-dashboard/vendor/laravel/framework/src/Illuminate/Log/LogManager.php:212)
[stacktrace]
#0 C:/Users/hp/Downloads/blog-dashboard/vendor/laravel/framework/src/Illuminate/Log/LogManager.php(137): Illuminate/Log/LogManager->resolve(NULL, NULL)
#1 C:/Users/hp/Downloads/blog-dashboard/vendor/laravel/framework/src/Illuminate/Log/LogManager.php(124): Illuminate/Log/LogManager->get(NULL)
#2 C:/Users/hp/Downloads/blog-dashboard/vendor/laravel/framework/src/Illuminate/Log/LogManager.php(681): Illuminate/Log/LogManager->driver()
#3 C:/Users/hp/Downloads/blog-dashboard/vendor/laravel/framework/src/Illuminate/Foundation/Exceptions/Handler.php(317): Illuminate/Log/LogManager->error('Method Illumina...', Array)
#4 C:/Users/hp/Downloads/blog-dashboard/vendor/laravel/framework/src/Illuminate/Foundation/Exceptions/Handler.php(278): Illuminate/Foundation/Exceptions/Handler->reportThrowable(Object(BadMethodCallException))
#5 C:/Users/hp/Downloads/blog-dashboard/vendor/laravel/framework/src/Illuminate/Foundation/Console/Kernel.php(523): Illuminate/Foundation/Exceptions/Handler->report(Object(BadMethodCallException))
#6 C:/Users/hp/Downloads/blog-dashboard/vendor/laravel/framework/src/Illuminate/Foundation/Console/Kernel.php(203): Illuminate/Foundation/Console/Kernel->reportException(Object(BadMethodCallException))
#7 C:/Users/hp/Downloads/blog-dashboard/artisan(12): Illuminate/Foundation/Console/Kernel->handle(Object(Symfony/Component/Console/Input/ArgvInput), Object(Symfony/Component/Console/Output/ConsoleOutput))
#8 {main}
"} 
[2026-06-11 07:13:01] laravel.ERROR: Method Illuminate\Foundation\Console\ClosureCommand::hourly does not exist. {"exception":"[object] (BadMethodCallException(code: 0): Method Illuminate\\Foundation\\Console\\ClosureCommand::hourly does not exist. at C:/Users/hp/Downloads/blog-dashboard/vendor/laravel/framework/src/Illuminate/Macroable/Traits/Macroable.php:112)
[stacktrace]
#0 C:/Users/hp/Downloads/blog-dashboard/routes/console.php(8): Illuminate/Console/Command->__call('hourly', Array)
#1 C:/Users/hp/Downloads/blog-dashboard/app/Console/Kernel.php(25): require('C://Users//hp//Dow...')
#2 C:/Users/hp/Downloads/blog-dashboard/vendor/laravel/framework/src/Illuminate/Foundation/Console/Kernel.php(453): App/Console/Kernel->commands()
#3 C:/Users/hp/Downloads/blog-dashboard/vendor/laravel/framework/src/Illuminate/Foundation/Console/Kernel.php(199): Illuminate/Foundation/Console/Kernel->bootstrap()
#4 C:/Users/hp/Downloads/blog-dashboard/artisan(12): Illuminate/Foundation/Console/Kernel->handle(Object(Symfony/Component/Console/Input/ArgvInput), Object(Symfony/Component/Console/Output/ConsoleOutput))
#5 {main}
"} 
[2026-06-11 07:13:15] laravel.EMERGENCY: Unable to create configured logger. Using emergency logger. {"exception":"[object] (InvalidArgumentException(code: 0): Log [] is not defined. at C:/Users/hp/Downloads/blog-dashboard/vendor/laravel/framework/src/Illuminate/Log/LogManager.php:212)
[stacktrace]
#0 C:/Users/hp/Downloads/blog-dashboard/vendor/laravel/framework/src/Illuminate/Log/LogManager.php(137): Illuminate/Log/LogManager->resolve(NULL, NULL)
#1 C:/Users/hp/Downloads/blog-dashboard/vendor/laravel/framework/src/Illuminate/Log/LogManager.php(124): Illuminate/Log/LogManager->get(NULL)
#2 C:/Users/hp/Downloads/blog-dashboard/vendor/laravel/framework/src/Illuminate/Log/LogManager.php(681): Illuminate/Log/LogManager->driver()
#3 C:/Users/hp/Downloads/blog-dashboard/vendor/laravel/framework/src/Illuminate/Foundation/Exceptions/Handler.php(317): Illuminate/Log/LogManager->error('Command \"migrat...', Array)
#4 C:/Users/hp/Downloads/blog-dashboard/vendor/laravel/framework/src/Illuminate/Foundation/Exceptions/Handler.php(278): Illuminate/Foundation/Exceptions/Handler->reportThrowable(Object(Symfony/Component/Console/Exception/CommandNotFoundException))
#5 C:/Users/hp/Downloads/blog-dashboard/vendor/laravel/framework/src/Illuminate/Foundation/Console/Kernel.php(523): Illuminate/Foundation/Exceptions/Handler->report(Object(Symfony/Component/Console/Exception/CommandNotFoundException))
#6 C:/Users/hp/Downloads/blog-dashboard/vendor/laravel/framework/src/Illuminate/Foundation/Console/Kernel.php(203): Illuminate/Foundation/Console/Kernel->reportException(Object(Symfony/Component/Console/Exception/CommandNotFoundException))
#7 C:/Users/hp/Downloads/blog-dashboard/artisan(12): Illuminate/Foundation/Console/Kernel->handle(Object(Symfony/Component/Console/Input/ArgvInput), Object(Symfony/Component/Console/Output/ConsoleOutput))
#8 {main}
"} 
[2026-06-11 07:13:15] laravel.ERROR: Command "migrate" is not defined. {"exception":"[object] (Symfony\\Component\\Console\\Exception\\CommandNotFoundException(code: 0): Command \"migrate\" is not defined. at C:/Users/hp/Downloads/blog-dashboard/vendor/symfony/console/Application.php:745)
[stacktrace]
#0 C:/Users/hp/Downloads/blog-dashboard/vendor/symfony/console/Application.php(266): Symfony/Component/Console/Application->find('migrate')
#1 C:/Users/hp/Downloads/blog-dashboard/vendor/symfony/console/Application.php(175): Symfony/Component/Console/Application->doRun(Object(Symfony/Component/Console/Input/ArgvInput), Object(Symfony/Component/Console/Output/ConsoleOutput))
#2 C:/Users/hp/Downloads/blog-dashboard/vendor/laravel/framework/src/Illuminate/Foundation/Console/Kernel.php(201): Symfony/Component/Console/Application->run(Object(Symfony/Component/Console/Input/ArgvInput), Object(Symfony/Component/Console/Output/ConsoleOutput))
#3 C:/Users/hp/Downloads/blog-dashboard/artisan(12): Illuminate/Foundation/Console/Kernel->handle(Object(Symfony/Component/Console/Input/ArgvInput), Object(Symfony/Component/Console/Output/ConsoleOutput))
#4 {main}
"} 
[2026-06-11 07:41:47] laravel.EMERGENCY: Unable to create configured logger. Using emergency logger. {"exception":"[object] (InvalidArgumentException(code: 0): Log [] is not defined. at C:/Users/hp/Downloads/blog-dashboard/vendor/laravel/framework/src/Illuminate/Log/LogManager.php:212)
[stacktrace]
#0 C:/Users/hp/Downloads/blog-dashboard/vendor/laravel/framework/src/Illuminate/Log/LogManager.php(137): Illuminate/Log/LogManager->resolve(NULL, NULL)
#1 C:/Users/hp/Downloads/blog-dashboard/vendor/laravel/framework/src/Illuminate/Log/LogManager.php(124): Illuminate/Log/LogManager->get(NULL)
#2 C:/Users/hp/Downloads/blog-dashboard/vendor/laravel/framework/src/Illuminate/Log/LogManager.php(681): Illuminate/Log/LogManager->driver()
#3 C:/Users/hp/Downloads/blog-dashboard/vendor/laravel/framework/src/Illuminate/Foundation/Exceptions/Handler.php(317): Illuminate/Log/LogManager->error('There are no co...', Array)
#4 C:/Users/hp/Downloads/blog-dashboard/vendor/laravel/framework/src/Illuminate/Foundation/Exceptions/Handler.php(278): Illuminate/Foundation/Exceptions/Handler->reportThrowable(Object(Symfony/Component/Console/Exception/NamespaceNotFoundException))
#5 C:/Users/hp/Downloads/blog-dashboard/vendor/laravel/framework/src/Illuminate/Foundation/Console/Kernel.php(523): Illuminate/Foundation/Exceptions/Handler->report(Object(Symfony/Component/Console/Exception/NamespaceNotFoundException))
#6 C:/Users/hp/Downloads/blog-dashboard/vendor/laravel/framework/src/Illuminate/Foundation/Console/Kernel.php(203): Illuminate/Foundation/Console/Kernel->reportException(Object(Symfony/Component/Console/Exception/NamespaceNotFoundException))
#7 C:/Users/hp/Downloads/blog-dashboard/artisan(12): Illuminate/Foundation/Console/Kernel->handle(Object(Symfony/Component/Console/Input/ArgvInput), Object(Symfony/Component/Console/Output/ConsoleOutput))
#8 {main}
"} 
[2026-06-11 07:41:47] laravel.ERROR: There are no commands defined in the "migrate" namespace. {"exception":"[object] (Symfony\\Component\\Console\\Exception\\NamespaceNotFoundException(code: 0): There are no commands defined in the \"migrate\" namespace. at C:/Users/hp/Downloads/blog-dashboard/vendor/symfony/console/Application.php:678)
[stacktrace]
#0 C:/Users/hp/Downloads/blog-dashboard/vendor/symfony/console/Application.php(729): Symfony/Component/Console/Application->findNamespace('migrate')
#1 C:/Users/hp/Downloads/blog-dashboard/vendor/symfony/console/Application.php(266): Symfony/Component/Console/Application->find('migrate:refresh')
#2 C:/Users/hp/Downloads/blog-dashboard/vendor/symfony/console/Application.php(175): Symfony/Component/Console/Application->doRun(Object(Symfony/Component/Console/Input/ArgvInput), Object(Symfony/Component/Console/Output/ConsoleOutput))
#3 C:/Users/hp/Downloads/blog-dashboard/vendor/laravel/framework/src/Illuminate/Foundation/Console/Kernel.php(201): Symfony/Component/Console/Application->run(Object(Symfony/Component/Console/Input/ArgvInput), Object(Symfony/Component/Console/Output/ConsoleOutput))
#4 C:/Users/hp/Downloads/blog-dashboard/artisan(12): Illuminate/Foundation/Console/Kernel->handle(Object(Symfony/Component/Console/Input/ArgvInput), Object(Symfony/Component/Console/Output/ConsoleOutput))
#5 {main}
"} 
[2026-06-11 08:00:21] local.ERROR: SQLSTATE[42S01]: Base table or view already exists: 1050 Table 'users' already exists (Connection: mysql, SQL: create table `users` (`id` bigint unsigned not null auto_increment primary key, `name` varchar(255) not null, `email` varchar(255) not null, `email_verified_at` timestamp null, `password` varchar(255) not null, `remember_token` varchar(100) null, `created_at` timestamp null, `updated_at` timestamp null) default character set utf8mb4 collate 'utf8mb4_unicode_ci') {"exception":"[object] (Illuminate\\Database\\QueryException(code: 42S01): SQLSTATE[42S01]: Base table or view already exists: 1050 Table 'users' already exists (Connection: mysql, SQL: create table `users` (`id` bigint unsigned not null auto_increment primary key, `name` varchar(255) not null, `email` varchar(255) not null, `email_verified_at` timestamp null, `password` varchar(255) not null, `remember_token` varchar(100) null, `created_at` timestamp null, `updated_at` timestamp null) default character set utf8mb4 collate 'utf8mb4_unicode_ci') at C:/Users/hp/Downloads/blog-dashboard/vendor/laravel/framework/src/Illuminate/Database/Connection.php:829)
[stacktrace]
#0 C:/Users/hp/Downloads/blog-dashboard/vendor/laravel/framework/src/Illuminate/Database/Connection.php(783): Illuminate/Database/Connection->runQueryCallback('create table `u...', Array, Object(Closure))
#1 C:/Users/hp/Downloads/blog-dashboard/vendor/laravel/framework/src/Illuminate/Database/Connection.php(576): Illuminate/Database/Connection->run('create table `u...', Array, Object(Closure))
#2 C:/Users/hp/Downloads/blog-dashboard/vendor/laravel/framework/src/Illuminate/Database/Schema/Blueprint.php(110): Illuminate/Database/Connection->statement('create table `u...')
#3 C:/Users/hp/Downloads/blog-dashboard/vendor/laravel/framework/src/Illuminate/Database/Schema/Builder.php(602): Illuminate/Database/Schema/Blueprint->build(Object(Illuminate/Database/MySqlConnection), Object(Illuminate/Database/Schema/Grammars/MySqlGrammar))
#4 C:/Users/hp/Downloads/blog-dashboard/vendor/laravel/framework/src/Illuminate/Database/Schema/Builder.php(456): Illuminate/Database/Schema/Builder->build(Object(Illuminate/Database/Schema/Blueprint))
#5 C:/Users/hp/Downloads/blog-dashboard/vendor/laravel/framework/src/Illuminate/Support/Facades/Facade.php(355): Illuminate/Database/Schema/Builder->create('users', Object(Closure))
#6 C:/Users/hp/Downloads/blog-dashboard/database/migrations/2024_01_01_000001_create_users_table.php(14): Illuminate/Support/Facades/Facade::__callStatic('create', Array)
#7 C:/Users/hp/Downloads/blog-dashboard/vendor/laravel/framework/src/Illuminate/Database/Migrations/Migrator.php(501): Illuminate/Database/Migrations/Migration@anonymous->up()
#8 C:/Users/hp/Downloads/blog-dashboard/vendor/laravel/framework/src/Illuminate/Database/Migrations/Migrator.php(418): Illuminate/Database/Migrations/Migrator->runMethod(Object(Illuminate/Database/MySqlConnection), Object(Illuminate/Database/Migrations/Migration@anonymous), 'up')
#9 C:/Users/hp/Downloads/blog-dashboard/vendor/laravel/framework/src/Illuminate/Database/Migrations/Migrator.php(427): Illuminate/Database/Migrations/Migrator->Illuminate/Database/Migrations/{closure}()
#10 C:/Users/hp/Downloads/blog-dashboard/vendor/laravel/framework/src/Illuminate/Database/Migrations/Migrator.php(224): Illuminate/Database/Migrations/Migrator->runMigration(Object(Illuminate/Database/Migrations/Migration@anonymous), 'up')
#11 C:/Users/hp/Downloads/blog-dashboard/vendor/laravel/framework/src/Illuminate/Console/View/Components/Task.php(37): Illuminate/Database/Migrations/Migrator->Illuminate/Database/Migrations/{closure}()
#12 C:/Users/hp/Downloads/blog-dashboard/vendor/laravel/framework/src/Illuminate/Database/Migrations/Migrator.php(783): Illuminate/Console/View/Components/Task->render('2024_01_01_0000...', Object(Closure))
#13 C:/Users/hp/Downloads/blog-dashboard/vendor/laravel/framework/src/Illuminate/Database/Migrations/Migrator.php(224): Illuminate/Database/Migrations/Migrator->write('Illuminate//Cons...', '2024_01_01_0000...', Object(Closure))
#14 C:/Users/hp/Downloads/blog-dashboard/vendor/laravel/framework/src/Illuminate/Database/Migrations/Migrator.php(189): Illuminate/Database/Migrations/Migrator->runUp('C://Users//hp//Dow...', 2, false)
#15 C:/Users/hp/Downloads/blog-dashboard/vendor/laravel/framework/src/Illuminate/Database/Migrations/Migrator.php(132): Illuminate/Database/Migrations/Migrator->runPending(Array, Array)
#16 C:/Users/hp/Downloads/blog-dashboard/vendor/laravel/framework/src/Illuminate/Database/Console/Migrations/MigrateCommand.php(90): Illuminate/Database/Migrations/Migrator->run(Array, Array)
#17 C:/Users/hp/Downloads/blog-dashboard/vendor/laravel/framework/src/Illuminate/Database/Migrations/Migrator.php(641): Illuminate/Database/Console/Migrations/MigrateCommand->Illuminate/Database/Console/Migrations/{closure}()
#18 C:/Users/hp/Downloads/blog-dashboard/vendor/laravel/framework/src/Illuminate/Database/Console/Migrations/MigrateCommand.php(83): Illuminate/Database/Migrations/Migrator->usingConnection(NULL, Object(Closure))
#19 C:/Users/hp/Downloads/blog-dashboard/vendor/laravel/framework/src/Illuminate/Container/BoundMethod.php(36): Illuminate/Database/Console/Migrations/MigrateCommand->handle()
#20 C:/Users/hp/Downloads/blog-dashboard/vendor/laravel/framework/src/Illuminate/Container/Util.php(41): Illuminate/Container/BoundMethod::Illuminate/Container/{closure}()
#21 C:/Users/hp/Downloads/blog-dashboard/vendor/laravel/framework/src/Illuminate/Container/BoundMethod.php(93): Illuminate/Container/Util::unwrapIfClosure(Object(Closure))
#22 C:/Users/hp/Downloads/blog-dashboard/vendor/laravel/framework/src/Illuminate/Container/BoundMethod.php(35): Illuminate/Container/BoundMethod::callBoundMethod(Object(Illuminate/Foundation/Application), Array, Object(Closure))
#23 C:/Users/hp/Downloads/blog-dashboard/vendor/laravel/framework/src/Illuminate/Container/Container.php(662): Illuminate/Container/BoundMethod::call(Object(Illuminate/Foundation/Application), Array, Array, NULL)
#24 C:/Users/hp/Downloads/blog-dashboard/vendor/laravel/framework/src/Illuminate/Console/Command.php(211): Illuminate/Container/Container->call(Array)
#25 C:/Users/hp/Downloads/blog-dashboard/vendor/symfony/console/Command/Command.php(326): Illuminate/Console/Command->execute(Object(Symfony/Component/Console/Input/ArgvInput), Object(Illuminate/Console/OutputStyle))
#26 C:/Users/hp/Downloads/blog-dashboard/vendor/laravel/framework/src/Illuminate/Console/Command.php(180): Symfony/Component/Console/Command/Command->run(Object(Symfony/Component/Console/Input/ArgvInput), Object(Illuminate/Console/OutputStyle))
#27 C:/Users/hp/Downloads/blog-dashboard/vendor/symfony/console/Application.php(1121): Illuminate/Console/Command->run(Object(Symfony/Component/Console/Input/ArgvInput), Object(Symfony/Component/Console/Output/ConsoleOutput))
#28 C:/Users/hp/Downloads/blog-dashboard/vendor/symfony/console/Application.php(324): Symfony/Component/Console/Application->doRunCommand(Object(Illuminate/Database/Console/Migrations/MigrateCommand), Object(Symfony/Component/Console/Input/ArgvInput), Object(Symfony/Component/Console/Output/ConsoleOutput))
#29 C:/Users/hp/Downloads/blog-dashboard/vendor/symfony/console/Application.php(175): Symfony/Component/Console/Application->doRun(Object(Symfony/Component/Console/Input/ArgvInput), Object(Symfony/Component/Console/Output/ConsoleOutput))
#30 C:/Users/hp/Downloads/blog-dashboard/vendor/laravel/framework/src/Illuminate/Foundation/Console/Kernel.php(201): Symfony/Component/Console/Application->run(Object(Symfony/Component/Console/Input/ArgvInput), Object(Symfony/Component/Console/Output/ConsoleOutput))
#31 C:/Users/hp/Downloads/blog-dashboard/artisan(24): Illuminate/Foundation/Console/Kernel->handle(Object(Symfony/Component/Console/Input/ArgvInput), Object(Symfony/Component/Console/Output/ConsoleOutput))
#32 {main}

[previous exception] [object] (PDOException(code: 42S01): SQLSTATE[42S01]: Base table or view already exists: 1050 Table 'users' already exists at C:/Users/hp/Downloads/blog-dashboard/vendor/laravel/framework/src/Illuminate/Database/Connection.php:587)
[stacktrace]
#0 C:/Users/hp/Downloads/blog-dashboard/vendor/laravel/framework/src/Illuminate/Database/Connection.php(587): PDOStatement->execute()
#1 C:/Users/hp/Downloads/blog-dashboard/vendor/laravel/framework/src/Illuminate/Database/Connection.php(816): Illuminate/Database/Connection->Illuminate/Database/{closure}('create table `u...', Array)
#2 C:/Users/hp/Downloads/blog-dashboard/vendor/laravel/framework/src/Illuminate/Database/Connection.php(783): Illuminate/Database/Connection->runQueryCallback('create table `u...', Array, Object(Closure))
#3 C:/Users/hp/Downloads/blog-dashboard/vendor/laravel/framework/src/Illuminate/Database/Connection.php(576): Illuminate/Database/Connection->run('create table `u...', Array, Object(Closure))
#4 C:/Users/hp/Downloads/blog-dashboard/vendor/laravel/framework/src/Illuminate/Database/Schema/Blueprint.php(110): Illuminate/Database/Connection->statement('create table `u...')
#5 C:/Users/hp/Downloads/blog-dashboard/vendor/laravel/framework/src/Illuminate/Database/Schema/Builder.php(602): Illuminate/Database/Schema/Blueprint->build(Object(Illuminate/Database/MySqlConnection), Object(Illuminate/Database/Schema/Grammars/MySqlGrammar))
#6 C:/Users/hp/Downloads/blog-dashboard/vendor/laravel/framework/src/Illuminate/Database/Schema/Builder.php(456): Illuminate/Database/Schema/Builder->build(Object(Illuminate/Database/Schema/Blueprint))
#7 C:/Users/hp/Downloads/blog-dashboard/vendor/laravel/framework/src/Illuminate/Support/Facades/Facade.php(355): Illuminate/Database/Schema/Builder->create('users', Object(Closure))
#8 C:/Users/hp/Downloads/blog-dashboard/database/migrations/2024_01_01_000001_create_users_table.php(14): Illuminate/Support/Facades/Facade::__callStatic('create', Array)
#9 C:/Users/hp/Downloads/blog-dashboard/vendor/laravel/framework/src/Illuminate/Database/Migrations/Migrator.php(501): Illuminate/Database/Migrations/Migration@anonymous->up()
#10 C:/Users/hp/Downloads/blog-dashboard/vendor/laravel/framework/src/Illuminate/Database/Migrations/Migrator.php(418): Illuminate/Database/Migrations/Migrator->runMethod(Object(Illuminate/Database/MySqlConnection), Object(Illuminate/Database/Migrations/Migration@anonymous), 'up')
#11 C:/Users/hp/Downloads/blog-dashboard/vendor/laravel/framework/src/Illuminate/Database/Migrations/Migrator.php(427): Illuminate/Database/Migrations/Migrator->Illuminate/Database/Migrations/{closure}()
#12 C:/Users/hp/Downloads/blog-dashboard/vendor/laravel/framework/src/Illuminate/Database/Migrations/Migrator.php(224): Illuminate/Database/Migrations/Migrator->runMigration(Object(Illuminate/Database/Migrations/Migration@anonymous), 'up')
#13 C:/Users/hp/Downloads/blog-dashboard/vendor/laravel/framework/src/Illuminate/Console/View/Components/Task.php(37): Illuminate/Database/Migrations/Migrator->Illuminate/Database/Migrations/{closure}()
#14 C:/Users/hp/Downloads/blog-dashboard/vendor/laravel/framework/src/Illuminate/Database/Migrations/Migrator.php(783): Illuminate/Console/View/Components/Task->render('2024_01_01_0000...', Object(Closure))
#15 C:/Users/hp/Downloads/blog-dashboard/vendor/laravel/framework/src/Illuminate/Database/Migrations/Migrator.php(224): Illuminate/Database/Migrations/Migrator->write('Illuminate//Cons...', '2024_01_01_0000...', Object(Closure))
#16 C:/Users/hp/Downloads/blog-dashboard/vendor/laravel/framework/src/Illuminate/Database/Migrations/Migrator.php(189): Illuminate/Database/Migrations/Migrator->runUp('C://Users//hp//Dow...', 2, false)
#17 C:/Users/hp/Downloads/blog-dashboard/vendor/laravel/framework/src/Illuminate/Database/Migrations/Migrator.php(132): Illuminate/Database/Migrations/Migrator->runPending(Array, Array)
#18 C:/Users/hp/Downloads/blog-dashboard/vendor/laravel/framework/src/Illuminate/Database/Console/Migrations/MigrateCommand.php(90): Illuminate/Database/Migrations/Migrator->run(Array, Array)
#19 C:/Users/hp/Downloads/blog-dashboard/vendor/laravel/framework/src/Illuminate/Database/Migrations/Migrator.php(641): Illuminate/Database/Console/Migrations/MigrateCommand->Illuminate/Database/Console/Migrations/{closure}()
#20 C:/Users/hp/Downloads/blog-dashboard/vendor/laravel/framework/src/Illuminate/Database/Console/Migrations/MigrateCommand.php(83): Illuminate/Database/Migrations/Migrator->usingConnection(NULL, Object(Closure))
#21 C:/Users/hp/Downloads/blog-dashboard/vendor/laravel/framework/src/Illuminate/Container/BoundMethod.php(36): Illuminate/Database/Console/Migrations/MigrateCommand->handle()
#22 C:/Users/hp/Downloads/blog-dashboard/vendor/laravel/framework/src/Illuminate/Container/Util.php(41): Illuminate/Container/BoundMethod::Illuminate/Container/{closure}()
#23 C:/Users/hp/Downloads/blog-dashboard/vendor/laravel/framework/src/Illuminate/Container/BoundMethod.php(93): Illuminate/Container/Util::unwrapIfClosure(Object(Closure))
#24 C:/Users/hp/Downloads/blog-dashboard/vendor/laravel/framework/src/Illuminate/Container/BoundMethod.php(35): Illuminate/Container/BoundMethod::callBoundMethod(Object(Illuminate/Foundation/Application), Array, Object(Closure))
#25 C:/Users/hp/Downloads/blog-dashboard/vendor/laravel/framework/src/Illuminate/Container/Container.php(662): Illuminate/Container/BoundMethod::call(Object(Illuminate/Foundation/Application), Array, Array, NULL)
#26 C:/Users/hp/Downloads/blog-dashboard/vendor/laravel/framework/src/Illuminate/Console/Command.php(211): Illuminate/Container/Container->call(Array)
#27 C:/Users/hp/Downloads/blog-dashboard/vendor/symfony/console/Command/Command.php(326): Illuminate/Console/Command->execute(Object(Symfony/Component/Console/Input/ArgvInput), Object(Illuminate/Console/OutputStyle))
#28 C:/Users/hp/Downloads/blog-dashboard/vendor/laravel/framework/src/Illuminate/Console/Command.php(180): Symfony/Component/Console/Command/Command->run(Object(Symfony/Component/Console/Input/ArgvInput), Object(Illuminate/Console/OutputStyle))
#29 C:/Users/hp/Downloads/blog-dashboard/vendor/symfony/console/Application.php(1121): Illuminate/Console/Command->run(Object(Symfony/Component/Console/Input/ArgvInput), Object(Symfony/Component/Console/Output/ConsoleOutput))
#30 C:/Users/hp/Downloads/blog-dashboard/vendor/symfony/console/Application.php(324): Symfony/Component/Console/Application->doRunCommand(Object(Illuminate/Database/Console/Migrations/MigrateCommand), Object(Symfony/Component/Console/Input/ArgvInput), Object(Symfony/Component/Console/Output/ConsoleOutput))
#31 C:/Users/hp/Downloads/blog-dashboard/vendor/symfony/console/Application.php(175): Symfony/Component/Console/Application->doRun(Object(Symfony/Component/Console/Input/ArgvInput), Object(Symfony/Component/Console/Output/ConsoleOutput))
#32 C:/Users/hp/Downloads/blog-dashboard/vendor/laravel/framework/src/Illuminate/Foundation/Console/Kernel.php(201): Symfony/Component/Console/Application->run(Object(Symfony/Component/Console/Input/ArgvInput), Object(Symfony/Component/Console/Output/ConsoleOutput))
#33 C:/Users/hp/Downloads/blog-dashboard/artisan(24): Illuminate/Foundation/Console/Kernel->handle(Object(Symfony/Component/Console/Input/ArgvInput), Object(Symfony/Component/Console/Output/ConsoleOutput))
#34 {main}
"} 
[2026-06-11 08:02:35] local.ERROR: Class "Illuminate\Foundation\Http\Middleware\TrustProxies" not found {"exception":"[object] (Error(code: 0): Class \"Illuminate\\Foundation\\Http\\Middleware\\TrustProxies\" not found at C:/Users/hp/Downloads/blog-dashboard/app/Http/Middleware/TrustProxies.php:8)
[stacktrace]
#0 C:/Users/hp/Downloads/blog-dashboard/vendor/composer/ClassLoader.php(576): include()
#1 C:/Users/hp/Downloads/blog-dashboard/vendor/composer/ClassLoader.php(427): Composer/Autoload/{closure}('C://Users//hp//Dow...')
#2 [internal function]: Composer/Autoload/ClassLoader->loadClass('App//Http//Middle...')
#3 C:/Users/hp/Downloads/blog-dashboard/vendor/laravel/framework/src/Illuminate/Container/Container.php(912): ReflectionClass->__construct('App//Http//Middle...')
#4 C:/Users/hp/Downloads/blog-dashboard/vendor/laravel/framework/src/Illuminate/Container/Container.php(795): Illuminate/Container/Container->build('App//Http//Middle...')
#5 C:/Users/hp/Downloads/blog-dashboard/vendor/laravel/framework/src/Illuminate/Foundation/Application.php(986): Illuminate/Container/Container->resolve('App//Http//Middle...', Array, true)
#6 C:/Users/hp/Downloads/blog-dashboard/vendor/laravel/framework/src/Illuminate/Container/Container.php(731): Illuminate/Foundation/Application->resolve('App//Http//Middle...', Array)
#7 C:/Users/hp/Downloads/blog-dashboard/vendor/laravel/framework/src/Illuminate/Foundation/Application.php(971): Illuminate/Container/Container->make('App//Http//Middle...', Array)
#8 C:/Users/hp/Downloads/blog-dashboard/vendor/laravel/framework/src/Illuminate/Pipeline/Pipeline.php(172): Illuminate/Foundation/Application->make('App//Http//Middle...')
#9 C:/Users/hp/Downloads/blog-dashboard/vendor/laravel/framework/src/Illuminate/Pipeline/Pipeline.php(119): Illuminate/Pipeline/Pipeline->Illuminate/Pipeline/{closure}(Object(Illuminate/Http/Request))
#10 C:/Users/hp/Downloads/blog-dashboard/vendor/laravel/framework/src/Illuminate/Foundation/Http/Kernel.php(175): Illuminate/Pipeline/Pipeline->then(Object(Closure))
#11 C:/Users/hp/Downloads/blog-dashboard/vendor/laravel/framework/src/Illuminate/Foundation/Http/Kernel.php(144): Illuminate/Foundation/Http/Kernel->sendRequestThroughRouter(Object(Illuminate/Http/Request))
#12 C:/Users/hp/Downloads/blog-dashboard/public/index.php(36): Illuminate/Foundation/Http/Kernel->handle(Object(Illuminate/Http/Request))
#13 C:/Users/hp/Downloads/blog-dashboard/server.php(21): require_once('C://Users//hp//Dow...')
#14 {main}
"} 
[2026-06-11 08:02:37] local.ERROR: Class "Illuminate\Foundation\Http\Middleware\TrustProxies" not found {"exception":"[object] (Error(code: 0): Class \"Illuminate\\Foundation\\Http\\Middleware\\TrustProxies\" not found at C:/Users/hp/Downloads/blog-dashboard/app/Http/Middleware/TrustProxies.php:8)
[stacktrace]
#0 C:/Users/hp/Downloads/blog-dashboard/vendor/composer/ClassLoader.php(576): include()
#1 C:/Users/hp/Downloads/blog-dashboard/vendor/composer/ClassLoader.php(427): Composer/Autoload/{closure}('C://Users//hp//Dow...')
#2 [internal function]: Composer/Autoload/ClassLoader->loadClass('App//Http//Middle...')
#3 C:/Users/hp/Downloads/blog-dashboard/vendor/laravel/framework/src/Illuminate/Container/Container.php(912): ReflectionClass->__construct('App//Http//Middle...')
#4 C:/Users/hp/Downloads/blog-dashboard/vendor/laravel/framework/src/Illuminate/Container/Container.php(795): Illuminate/Container/Container->build('App//Http//Middle...')
#5 C:/Users/hp/Downloads/blog-dashboard/vendor/laravel/framework/src/Illuminate/Foundation/Application.php(986): Illuminate/Container/Container->resolve('App//Http//Middle...', Array, true)
#6 C:/Users/hp/Downloads/blog-dashboard/vendor/laravel/framework/src/Illuminate/Container/Container.php(731): Illuminate/Foundation/Application->resolve('App//Http//Middle...', Array)
#7 C:/Users/hp/Downloads/blog-dashboard/vendor/laravel/framework/src/Illuminate/Foundation/Application.php(971): Illuminate/Container/Container->make('App//Http//Middle...', Array)
#8 C:/Users/hp/Downloads/blog-dashboard/vendor/laravel/framework/src/Illuminate/Foundation/Http/Kernel.php(255): Illuminate/Foundation/Application->make('App//Http//Middle...')
#9 C:/Users/hp/Downloads/blog-dashboard/vendor/laravel/framework/src/Illuminate/Foundation/Http/Kernel.php(213): Illuminate/Foundation/Http/Kernel->terminateMiddleware(Object(Illuminate/Http/Request), Object(Illuminate/Http/Response))
#10 C:/Users/hp/Downloads/blog-dashboard/public/index.php(40): Illuminate/Foundation/Http/Kernel->terminate(Object(Illuminate/Http/Request), Object(Illuminate/Http/Response))
#11 C:/Users/hp/Downloads/blog-dashboard/server.php(21): require_once('C://Users//hp//Dow...')
#12 {main}
"} 
[2026-06-11 08:05:24] local.ERROR: Session store not set on request. {"exception":"[object] (RuntimeException(code: 0): Session store not set on request. at C:/Users/hp/Downloads/blog-dashboard/vendor/laravel/framework/src/Illuminate/Http/Request.php:560)
[stacktrace]
#0 C:/Users/hp/Downloads/blog-dashboard/vendor/laravel/framework/src/Illuminate/View/Middleware/ShareErrorsFromSession.php(42): Illuminate/Http/Request->session()
#1 C:/Users/hp/Downloads/blog-dashboard/vendor/laravel/framework/src/Illuminate/Pipeline/Pipeline.php(183): Illuminate/View/Middleware/ShareErrorsFromSession->handle(Object(Illuminate/Http/Request), Object(Closure))
#2 C:/Users/hp/Downloads/blog-dashboard/vendor/laravel/framework/src/Illuminate/Session/Middleware/StartSession.php(54): Illuminate/Pipeline/Pipeline->Illuminate/Pipeline/{closure}(Object(Illuminate/Http/Request))
#3 C:/Users/hp/Downloads/blog-dashboard/vendor/laravel/framework/src/Illuminate/Pipeline/Pipeline.php(183): Illuminate/Session/Middleware/StartSession->handle(Object(Illuminate/Http/Request), Object(Closure))
#4 C:/Users/hp/Downloads/blog-dashboard/vendor/laravel/framework/src/Illuminate/Cookie/Middleware/AddQueuedCookiesToResponse.php(37): Illuminate/Pipeline/Pipeline->Illuminate/Pipeline/{closure}(Object(Illuminate/Http/Request))
#5 C:/Users/hp/Downloads/blog-dashboard/vendor/laravel/framework/src/Illuminate/Pipeline/Pipeline.php(183): Illuminate/Cookie/Middleware/AddQueuedCookiesToResponse->handle(Object(Illuminate/Http/Request), Object(Closure))
#6 C:/Users/hp/Downloads/blog-dashboard/vendor/laravel/framework/src/Illuminate/Cookie/Middleware/EncryptCookies.php(67): Illuminate/Pipeline/Pipeline->Illuminate/Pipeline/{closure}(Object(Illuminate/Http/Request))
#7 C:/Users/hp/Downloads/blog-dashboard/vendor/laravel/framework/src/Illuminate/Pipeline/Pipeline.php(183): Illuminate/Cookie/Middleware/EncryptCookies->handle(Object(Illuminate/Http/Request), Object(Closure))
#8 C:/Users/hp/Downloads/blog-dashboard/vendor/laravel/framework/src/Illuminate/Pipeline/Pipeline.php(119): Illuminate/Pipeline/Pipeline->Illuminate/Pipeline/{closure}(Object(Illuminate/Http/Request))
#9 C:/Users/hp/Downloads/blog-dashboard/vendor/laravel/framework/src/Illuminate/Routing/Router.php(805): Illuminate/Pipeline/Pipeline->then(Object(Closure))
#10 C:/Users/hp/Downloads/blog-dashboard/vendor/laravel/framework/src/Illuminate/Routing/Router.php(784): Illuminate/Routing/Router->runRouteWithinStack(Object(Illuminate/Routing/Route), Object(Illuminate/Http/Request))
#11 C:/Users/hp/Downloads/blog-dashboard/vendor/laravel/framework/src/Illuminate/Routing/Router.php(748): Illuminate/Routing/Router->runRoute(Object(Illuminate/Http/Request), Object(Illuminate/Routing/Route))
#12 C:/Users/hp/Downloads/blog-dashboard/vendor/laravel/framework/src/Illuminate/Routing/Router.php(737): Illuminate/Routing/Router->dispatchToRoute(Object(Illuminate/Http/Request))
#13 C:/Users/hp/Downloads/blog-dashboard/vendor/laravel/framework/src/Illuminate/Foundation/Http/Kernel.php(200): Illuminate/Routing/Router->dispatch(Object(Illuminate/Http/Request))
#14 C:/Users/hp/Downloads/blog-dashboard/vendor/laravel/framework/src/Illuminate/Pipeline/Pipeline.php(144): Illuminate/Foundation/Http/Kernel->Illuminate/Foundation/Http/{closure}(Object(Illuminate/Http/Request))
#15 C:/Users/hp/Downloads/blog-dashboard/vendor/laravel/framework/src/Illuminate/Foundation/Http/Middleware/TransformsRequest.php(21): Illuminate/Pipeline/Pipeline->Illuminate/Pipeline/{closure}(Object(Illuminate/Http/Request))
#16 C:/Users/hp/Downloads/blog-dashboard/vendor/laravel/framework/src/Illuminate/Foundation/Http/Middleware/ConvertEmptyStringsToNull.php(31): Illuminate/Foundation/Http/Middleware/TransformsRequest->handle(Object(Illuminate/Http/Request), Object(Closure))
#17 C:/Users/hp/Downloads/blog-dashboard/vendor/laravel/framework/src/Illuminate/Pipeline/Pipeline.php(183): Illuminate/Foundation/Http/Middleware/ConvertEmptyStringsToNull->handle(Object(Illuminate/Http/Request), Object(Closure))
#18 C:/Users/hp/Downloads/blog-dashboard/vendor/laravel/framework/src/Illuminate/Foundation/Http/Middleware/TransformsRequest.php(21): Illuminate/Pipeline/Pipeline->Illuminate/Pipeline/{closure}(Object(Illuminate/Http/Request))
#19 C:/Users/hp/Downloads/blog-dashboard/vendor/laravel/framework/src/Illuminate/Foundation/Http/Middleware/TrimStrings.php(40): Illuminate/Foundation/Http/Middleware/TransformsRequest->handle(Object(Illuminate/Http/Request), Object(Closure))
#20 C:/Users/hp/Downloads/blog-dashboard/vendor/laravel/framework/src/Illuminate/Pipeline/Pipeline.php(183): Illuminate/Foundation/Http/Middleware/TrimStrings->handle(Object(Illuminate/Http/Request), Object(Closure))
#21 C:/Users/hp/Downloads/blog-dashboard/vendor/laravel/framework/src/Illuminate/Foundation/Http/Middleware/ValidatePostSize.php(27): Illuminate/Pipeline/Pipeline->Illuminate/Pipeline/{closure}(Object(Illuminate/Http/Request))
#22 C:/Users/hp/Downloads/blog-dashboard/vendor/laravel/framework/src/Illuminate/Pipeline/Pipeline.php(183): Illuminate/Foundation/Http/Middleware/ValidatePostSize->handle(Object(Illuminate/Http/Request), Object(Closure))
#23 C:/Users/hp/Downloads/blog-dashboard/vendor/laravel/framework/src/Illuminate/Foundation/Http/Middleware/PreventRequestsDuringMaintenance.php(99): Illuminate/Pipeline/Pipeline->Illuminate/Pipeline/{closure}(Object(Illuminate/Http/Request))
#24 C:/Users/hp/Downloads/blog-dashboard/vendor/laravel/framework/src/Illuminate/Pipeline/Pipeline.php(183): Illuminate/Foundation/Http/Middleware/PreventRequestsDuringMaintenance->handle(Object(Illuminate/Http/Request), Object(Closure))
#25 C:/Users/hp/Downloads/blog-dashboard/vendor/laravel/framework/src/Illuminate/Http/Middleware/HandleCors.php(49): Illuminate/Pipeline/Pipeline->Illuminate/Pipeline/{closure}(Object(Illuminate/Http/Request))
#26 C:/Users/hp/Downloads/blog-dashboard/vendor/laravel/framework/src/Illuminate/Pipeline/Pipeline.php(183): Illuminate/Http/Middleware/HandleCors->handle(Object(Illuminate/Http/Request), Object(Closure))
#27 C:/Users/hp/Downloads/blog-dashboard/vendor/laravel/framework/src/Illuminate/Http/Middleware/TrustProxies.php(39): Illuminate/Pipeline/Pipeline->Illuminate/Pipeline/{closure}(Object(Illuminate/Http/Request))
#28 C:/Users/hp/Downloads/blog-dashboard/vendor/laravel/framework/src/Illuminate/Pipeline/Pipeline.php(183): Illuminate/Http/Middleware/TrustProxies->handle(Object(Illuminate/Http/Request), Object(Closure))
#29 C:/Users/hp/Downloads/blog-dashboard/vendor/laravel/framework/src/Illuminate/Pipeline/Pipeline.php(119): Illuminate/Pipeline/Pipeline->Illuminate/Pipeline/{closure}(Object(Illuminate/Http/Request))
#30 C:/Users/hp/Downloads/blog-dashboard/vendor/laravel/framework/src/Illuminate/Foundation/Http/Kernel.php(175): Illuminate/Pipeline/Pipeline->then(Object(Closure))
#31 C:/Users/hp/Downloads/blog-dashboard/vendor/laravel/framework/src/Illuminate/Foundation/Http/Kernel.php(144): Illuminate/Foundation/Http/Kernel->sendRequestThroughRouter(Object(Illuminate/Http/Request))
#32 C:/Users/hp/Downloads/blog-dashboard/public/index.php(36): Illuminate/Foundation/Http/Kernel->handle(Object(Illuminate/Http/Request))
#33 C:/Users/hp/Downloads/blog-dashboard/server.php(21): require_once('C://Users//hp//Dow...')
#34 {main}
"} 
[2026-06-11 08:05:35] local.ERROR: Unable to resolve NULL driver for [Illuminate\Session\SessionManager]. {"exception":"[object] (InvalidArgumentException(code: 0): Unable to resolve NULL driver for [Illuminate\\Session\\SessionManager]. at C:/Users/hp/Downloads/blog-dashboard/vendor/laravel/framework/src/Illuminate/Support/Manager.php:71)
[stacktrace]
#0 C:/Users/hp/Downloads/blog-dashboard/vendor/laravel/framework/src/Illuminate/Session/SessionServiceProvider.php(52): Illuminate/Support/Manager->driver()
#1 C:/Users/hp/Downloads/blog-dashboard/vendor/laravel/framework/src/Illuminate/Container/Container.php(908): Illuminate/Session/SessionServiceProvider->Illuminate/Session/{closure}(Object(Illuminate/Foundation/Application), Array)
#2 C:/Users/hp/Downloads/blog-dashboard/vendor/laravel/framework/src/Illuminate/Container/Container.php(795): Illuminate/Container/Container->build(Object(Closure))
#3 C:/Users/hp/Downloads/blog-dashboard/vendor/laravel/framework/src/Illuminate/Foundation/Application.php(986): Illuminate/Container/Container->resolve('session.store', Array, true)
#4 C:/Users/hp/Downloads/blog-dashboard/vendor/laravel/framework/src/Illuminate/Container/Container.php(731): Illuminate/Foundation/Application->resolve('session.store', Array)
#5 C:/Users/hp/Downloads/blog-dashboard/vendor/laravel/framework/src/Illuminate/Foundation/Application.php(971): Illuminate/Container/Container->make('session.store', Array)
#6 C:/Users/hp/Downloads/blog-dashboard/vendor/laravel/framework/src/Illuminate/Container/Container.php(1454): Illuminate/Foundation/Application->make('session.store')
#7 C:/Users/hp/Downloads/blog-dashboard/vendor/laravel/framework/src/Illuminate/Routing/RoutingServiceProvider.php(120): Illuminate/Container/Container->offsetGet('session.store')
#8 C:/Users/hp/Downloads/blog-dashboard/vendor/laravel/framework/src/Illuminate/Container/Container.php(908): Illuminate/Routing/RoutingServiceProvider->Illuminate/Routing/{closure}(Object(Illuminate/Foundation/Application), Array)
#9 C:/Users/hp/Downloads/blog-dashboard/vendor/laravel/framework/src/Illuminate/Container/Container.php(795): Illuminate/Container/Container->build(Object(Closure))
#10 C:/Users/hp/Downloads/blog-dashboard/vendor/laravel/framework/src/Illuminate/Foundation/Application.php(986): Illuminate/Container/Container->resolve('redirect', Array, true)
#11 C:/Users/hp/Downloads/blog-dashboard/vendor/laravel/framework/src/Illuminate/Container/Container.php(731): Illuminate/Foundation/Application->resolve('redirect', Array)
#12 C:/Users/hp/Downloads/blog-dashboard/vendor/laravel/framework/src/Illuminate/Foundation/Application.php(971): Illuminate/Container/Container->make('redirect', Array)
#13 C:/Users/hp/Downloads/blog-dashboard/vendor/laravel/framework/src/Illuminate/Container/Container.php(1454): Illuminate/Foundation/Application->make('redirect')
#14 C:/Users/hp/Downloads/blog-dashboard/vendor/laravel/framework/src/Illuminate/Routing/RoutingServiceProvider.php(182): Illuminate/Container/Container->offsetGet('redirect')
#15 C:/Users/hp/Downloads/blog-dashboard/vendor/laravel/framework/src/Illuminate/Container/Container.php(908): Illuminate/Routing/RoutingServiceProvider->Illuminate/Routing/{closure}(Object(Illuminate/Foundation/Application), Array)
#16 C:/Users/hp/Downloads/blog-dashboard/vendor/laravel/framework/src/Illuminate/Container/Container.php(795): Illuminate/Container/Container->build(Object(Closure))
#17 C:/Users/hp/Downloads/blog-dashboard/vendor/laravel/framework/src/Illuminate/Foundation/Application.php(986): Illuminate/Container/Container->resolve('Illuminate//Cont...', Array, true)
#18 C:/Users/hp/Downloads/blog-dashboard/vendor/laravel/framework/src/Illuminate/Container/Container.php(731): Illuminate/Foundation/Application->resolve('Illuminate//Cont...', Array)
#19 C:/Users/hp/Downloads/blog-dashboard/vendor/laravel/framework/src/Illuminate/Foundation/Application.php(971): Illuminate/Container/Container->make('Illuminate//Cont...', Array)
#20 C:/Users/hp/Downloads/blog-dashboard/vendor/laravel/framework/src/Illuminate/Foundation/helpers.php(120): Illuminate/Foundation/Application->make('Illuminate//Cont...', Array)
#21 C:/Users/hp/Downloads/blog-dashboard/vendor/laravel/framework/src/Illuminate/Foundation/helpers.php(790): app('Illuminate//Cont...')
#22 C:/Users/hp/Downloads/blog-dashboard/vendor/laravel/framework/src/Illuminate/Foundation/Exceptions/Handler.php(723): response()
#23 C:/Users/hp/Downloads/blog-dashboard/vendor/laravel/framework/src/Illuminate/Foundation/Exceptions/Handler.php(650): Illuminate/Foundation/Exceptions/Handler->renderHttpException(Object(Symfony/Component/HttpKernel/Exception/NotFoundHttpException))
#24 C:/Users/hp/Downloads/blog-dashboard/vendor/laravel/framework/src/Illuminate/Foundation/Exceptions/Handler.php(556): Illuminate/Foundation/Exceptions/Handler->prepareResponse(Object(Illuminate/Http/Request), Object(Symfony/Component/HttpKernel/Exception/NotFoundHttpException))
#25 C:/Users/hp/Downloads/blog-dashboard/vendor/laravel/framework/src/Illuminate/Foundation/Exceptions/Handler.php(473): Illuminate/Foundation/Exceptions/Handler->renderExceptionResponse(Object(Illuminate/Http/Request), Object(Symfony/Component/HttpKernel/Exception/NotFoundHttpException))
#26 C:/Users/hp/Downloads/blog-dashboard/vendor/laravel/framework/src/Illuminate/Routing/Pipeline.php(51): Illuminate/Foundation/Exceptions/Handler->render(Object(Illuminate/Http/Request), Object(Symfony/Component/HttpKernel/Exception/NotFoundHttpException))
#27 C:/Users/hp/Downloads/blog-dashboard/vendor/laravel/framework/src/Illuminate/Pipeline/Pipeline.php(146): Illuminate/Routing/Pipeline->handleException(Object(Illuminate/Http/Request), Object(Symfony/Component/HttpKernel/Exception/NotFoundHttpException))
#28 C:/Users/hp/Downloads/blog-dashboard/vendor/laravel/framework/src/Illuminate/Foundation/Http/Middleware/TransformsRequest.php(21): Illuminate/Pipeline/Pipeline->Illuminate/Pipeline/{closure}(Object(Illuminate/Http/Request))
#29 C:/Users/hp/Downloads/blog-dashboard/vendor/laravel/framework/src/Illuminate/Foundation/Http/Middleware/ConvertEmptyStringsToNull.php(31): Illuminate/Foundation/Http/Middleware/TransformsRequest->handle(Object(Illuminate/Http/Request), Object(Closure))
#30 C:/Users/hp/Downloads/blog-dashboard/vendor/laravel/framework/src/Illuminate/Pipeline/Pipeline.php(183): Illuminate/Foundation/Http/Middleware/ConvertEmptyStringsToNull->handle(Object(Illuminate/Http/Request), Object(Closure))
#31 C:/Users/hp/Downloads/blog-dashboard/vendor/laravel/framework/src/Illuminate/Foundation/Http/Middleware/TransformsRequest.php(21): Illuminate/Pipeline/Pipeline->Illuminate/Pipeline/{closure}(Object(Illuminate/Http/Request))
#32 C:/Users/hp/Downloads/blog-dashboard/vendor/laravel/framework/src/Illuminate/Foundation/Http/Middleware/TrimStrings.php(40): Illuminate/Foundation/Http/Middleware/TransformsRequest->handle(Object(Illuminate/Http/Request), Object(Closure))
#33 C:/Users/hp/Downloads/blog-dashboard/vendor/laravel/framework/src/Illuminate/Pipeline/Pipeline.php(183): Illuminate/Foundation/Http/Middleware/TrimStrings->handle(Object(Illuminate/Http/Request), Object(Closure))
#34 C:/Users/hp/Downloads/blog-dashboard/vendor/laravel/framework/src/Illuminate/Foundation/Http/Middleware/ValidatePostSize.php(27): Illuminate/Pipeline/Pipeline->Illuminate/Pipeline/{closure}(Object(Illuminate/Http/Request))
#35 C:/Users/hp/Downloads/blog-dashboard/vendor/laravel/framework/src/Illuminate/Pipeline/Pipeline.php(183): Illuminate/Foundation/Http/Middleware/ValidatePostSize->handle(Object(Illuminate/Http/Request), Object(Closure))
#36 C:/Users/hp/Downloads/blog-dashboard/vendor/laravel/framework/src/Illuminate/Foundation/Http/Middleware/PreventRequestsDuringMaintenance.php(99): Illuminate/Pipeline/Pipeline->Illuminate/Pipeline/{closure}(Object(Illuminate/Http/Request))
#37 C:/Users/hp/Downloads/blog-dashboard/vendor/laravel/framework/src/Illuminate/Pipeline/Pipeline.php(183): Illuminate/Foundation/Http/Middleware/PreventRequestsDuringMaintenance->handle(Object(Illuminate/Http/Request), Object(Closure))
#38 C:/Users/hp/Downloads/blog-dashboard/vendor/laravel/framework/src/Illuminate/Http/Middleware/HandleCors.php(49): Illuminate/Pipeline/Pipeline->Illuminate/Pipeline/{closure}(Object(Illuminate/Http/Request))
#39 C:/Users/hp/Downloads/blog-dashboard/vendor/laravel/framework/src/Illuminate/Pipeline/Pipeline.php(183): Illuminate/Http/Middleware/HandleCors->handle(Object(Illuminate/Http/Request), Object(Closure))
#40 C:/Users/hp/Downloads/blog-dashboard/vendor/laravel/framework/src/Illuminate/Http/Middleware/TrustProxies.php(39): Illuminate/Pipeline/Pipeline->Illuminate/Pipeline/{closure}(Object(Illuminate/Http/Request))
#41 C:/Users/hp/Downloads/blog-dashboard/vendor/laravel/framework/src/Illuminate/Pipeline/Pipeline.php(183): Illuminate/Http/Middleware/TrustProxies->handle(Object(Illuminate/Http/Request), Object(Closure))
#42 C:/Users/hp/Downloads/blog-dashboard/vendor/laravel/framework/src/Illuminate/Pipeline/Pipeline.php(119): Illuminate/Pipeline/Pipeline->Illuminate/Pipeline/{closure}(Object(Illuminate/Http/Request))
#43 C:/Users/hp/Downloads/blog-dashboard/vendor/laravel/framework/src/Illuminate/Foundation/Http/Kernel.php(175): Illuminate/Pipeline/Pipeline->then(Object(Closure))
#44 C:/Users/hp/Downloads/blog-dashboard/vendor/laravel/framework/src/Illuminate/Foundation/Http/Kernel.php(144): Illuminate/Foundation/Http/Kernel->sendRequestThroughRouter(Object(Illuminate/Http/Request))
#45 C:/Users/hp/Downloads/blog-dashboard/public/index.php(36): Illuminate/Foundation/Http/Kernel->handle(Object(Illuminate/Http/Request))
#46 C:/Users/hp/Downloads/blog-dashboard/server.php(21): require_once('C://Users//hp//Dow...')
#47 {main}
"} 
[2026-06-11 11:20:14] local.ERROR: SQLSTATE[HY000] [2002] No connection could be made because the target machine actively refused it (Connection: mysql, SQL: select table_name as `name`, (data_length + index_length) as `size`, table_comment as `comment`, engine as `engine`, table_collation as `collation` from information_schema.tables where table_schema = 'blog_dashboard' and table_type in ('BASE TABLE', 'SYSTEM VERSIONED') order by table_name) {"exception":"[object] (Illuminate\\Database\\QueryException(code: 2002): SQLSTATE[HY000] [2002] No connection could be made because the target machine actively refused it (Connection: mysql, SQL: select table_name as `name`, (data_length + index_length) as `size`, table_comment as `comment`, engine as `engine`, table_collation as `collation` from information_schema.tables where table_schema = 'blog_dashboard' and table_type in ('BASE TABLE', 'SYSTEM VERSIONED') order by table_name) at C:/Users/hp/Downloads/blog-dashboard/vendor/laravel/framework/src/Illuminate/Database/Connection.php:829)
[stacktrace]
#0 C:/Users/hp/Downloads/blog-dashboard/vendor/laravel/framework/src/Illuminate/Database/Connection.php(983): Illuminate/Database/Connection->runQueryCallback('select table_na...', Array, Object(Closure))
#1 C:/Users/hp/Downloads/blog-dashboard/vendor/laravel/framework/src/Illuminate/Database/Connection.php(962): Illuminate/Database/Connection->tryAgainIfCausedByLostConnection(Object(Illuminate/Database/QueryException), 'select table_na...', Array, Object(Closure))
#2 C:/Users/hp/Downloads/blog-dashboard/vendor/laravel/framework/src/Illuminate/Database/Connection.php(785): Illuminate/Database/Connection->handleQueryException(Object(Illuminate/Database/QueryException), 'select table_na...', Array, Object(Closure))
#3 C:/Users/hp/Downloads/blog-dashboard/vendor/laravel/framework/src/Illuminate/Database/Connection.php(414): Illuminate/Database/Connection->run('select table_na...', Array, Object(Closure))
#4 C:/Users/hp/Downloads/blog-dashboard/vendor/laravel/framework/src/Illuminate/Database/Connection.php(401): Illuminate/Database/Connection->select('select table_na...', Array, false)
#5 C:/Users/hp/Downloads/blog-dashboard/vendor/laravel/framework/src/Illuminate/Database/Schema/MySqlBuilder.php(41): Illuminate/Database/Connection->selectFromWriteConnection('select table_na...')
#6 C:/Users/hp/Downloads/blog-dashboard/vendor/laravel/framework/src/Illuminate/Database/Schema/Builder.php(165): Illuminate/Database/Schema/MySqlBuilder->getTables(false)
#7 C:/Users/hp/Downloads/blog-dashboard/vendor/laravel/framework/src/Illuminate/Database/Migrations/DatabaseMigrationRepository.php(184): Illuminate/Database/Schema/Builder->hasTable('migrations')
#8 C:/Users/hp/Downloads/blog-dashboard/vendor/laravel/framework/src/Illuminate/Database/Migrations/Migrator.php(727): Illuminate/Database/Migrations/DatabaseMigrationRepository->repositoryExists()
#9 C:/Users/hp/Downloads/blog-dashboard/vendor/laravel/framework/src/Illuminate/Database/Console/Migrations/MigrateCommand.php(140): Illuminate/Database/Migrations/Migrator->repositoryExists()
#10 C:/Users/hp/Downloads/blog-dashboard/vendor/laravel/framework/src/Illuminate/Support/helpers.php(261): Illuminate/Database/Console/Migrations/MigrateCommand->Illuminate/Database/Console/Migrations/{closure}(1)
#11 C:/Users/hp/Downloads/blog-dashboard/vendor/laravel/framework/src/Illuminate/Database/Console/Migrations/MigrateCommand.php(140): retry(1, Object(Closure), 0, Object(Closure))
#12 C:/Users/hp/Downloads/blog-dashboard/vendor/laravel/framework/src/Illuminate/Database/Console/Migrations/MigrateCommand.php(116): Illuminate/Database/Console/Migrations/MigrateCommand->repositoryExists()
#13 C:/Users/hp/Downloads/blog-dashboard/vendor/laravel/framework/src/Illuminate/Database/Console/Migrations/MigrateCommand.php(84): Illuminate/Database/Console/Migrations/MigrateCommand->prepareDatabase()
#14 C:/Users/hp/Downloads/blog-dashboard/vendor/laravel/framework/src/Illuminate/Database/Migrations/Migrator.php(641): Illuminate/Database/Console/Migrations/MigrateCommand->Illuminate/Database/Console/Migrations/{closure}()
#15 C:/Users/hp/Downloads/blog-dashboard/vendor/laravel/framework/src/Illuminate/Database/Console/Migrations/MigrateCommand.php(83): Illuminate/Database/Migrations/Migrator->usingConnection(NULL, Object(Closure))
#16 C:/Users/hp/Downloads/blog-dashboard/vendor/laravel/framework/src/Illuminate/Container/BoundMethod.php(36): Illuminate/Database/Console/Migrations/MigrateCommand->handle()
#17 C:/Users/hp/Downloads/blog-dashboard/vendor/laravel/framework/src/Illuminate/Container/Util.php(41): Illuminate/Container/BoundMethod::Illuminate/Container/{closure}()
#18 C:/Users/hp/Downloads/blog-dashboard/vendor/laravel/framework/src/Illuminate/Container/BoundMethod.php(93): Illuminate/Container/Util::unwrapIfClosure(Object(Closure))
#19 C:/Users/hp/Downloads/blog-dashboard/vendor/laravel/framework/src/Illuminate/Container/BoundMethod.php(35): Illuminate/Container/BoundMethod::callBoundMethod(Object(Illuminate/Foundation/Application), Array, Object(Closure))
#20 C:/Users/hp/Downloads/blog-dashboard/vendor/laravel/framework/src/Illuminate/Container/Container.php(662): Illuminate/Container/BoundMethod::call(Object(Illuminate/Foundation/Application), Array, Array, NULL)
#21 C:/Users/hp/Downloads/blog-dashboard/vendor/laravel/framework/src/Illuminate/Console/Command.php(211): Illuminate/Container/Container->call(Array)
#22 C:/Users/hp/Downloads/blog-dashboard/vendor/symfony/console/Command/Command.php(326): Illuminate/Console/Command->execute(Object(Symfony/Component/Console/Input/ArgvInput), Object(Illuminate/Console/OutputStyle))
#23 C:/Users/hp/Downloads/blog-dashboard/vendor/laravel/framework/src/Illuminate/Console/Command.php(180): Symfony/Component/Console/Command/Command->run(Object(Symfony/Component/Console/Input/ArgvInput), Object(Illuminate/Console/OutputStyle))
#24 C:/Users/hp/Downloads/blog-dashboard/vendor/symfony/console/Application.php(1121): Illuminate/Console/Command->run(Object(Symfony/Component/Console/Input/ArgvInput), Object(Symfony/Component/Console/Output/ConsoleOutput))
#25 C:/Users/hp/Downloads/blog-dashboard/vendor/symfony/console/Application.php(324): Symfony/Component/Console/Application->doRunCommand(Object(Illuminate/Database/Console/Migrations/MigrateCommand), Object(Symfony/Component/Console/Input/ArgvInput), Object(Symfony/Component/Console/Output/ConsoleOutput))
#26 C:/Users/hp/Downloads/blog-dashboard/vendor/symfony/console/Application.php(175): Symfony/Component/Console/Application->doRun(Object(Symfony/Component/Console/Input/ArgvInput), Object(Symfony/Component/Console/Output/ConsoleOutput))
#27 C:/Users/hp/Downloads/blog-dashboard/vendor/laravel/framework/src/Illuminate/Foundation/Console/Kernel.php(201): Symfony/Component/Console/Application->run(Object(Symfony/Component/Console/Input/ArgvInput), Object(Symfony/Component/Console/Output/ConsoleOutput))
#28 C:/Users/hp/Downloads/blog-dashboard/artisan(24): Illuminate/Foundation/Console/Kernel->handle(Object(Symfony/Component/Console/Input/ArgvInput), Object(Symfony/Component/Console/Output/ConsoleOutput))
#29 {main}

[previous exception] [object] (PDOException(code: 2002): SQLSTATE[HY000] [2002] No connection could be made because the target machine actively refused it at C:/Users/hp/Downloads/blog-dashboard/vendor/laravel/framework/src/Illuminate/Database/Connectors/Connector.php:65)
[stacktrace]
#0 C:/Users/hp/Downloads/blog-dashboard/vendor/laravel/framework/src/Illuminate/Database/Connectors/Connector.php(65): PDO->__construct('mysql:host=127....', 'root', Object(SensitiveParameterValue), Array)
#1 C:/Users/hp/Downloads/blog-dashboard/vendor/laravel/framework/src/Illuminate/Database/Connectors/Connector.php(83): Illuminate/Database/Connectors/Connector->createPdoConnection('mysql:host=127....', 'root', '', Array)
#2 C:/Users/hp/Downloads/blog-dashboard/vendor/laravel/framework/src/Illuminate/Database/Connectors/Connector.php(48): Illuminate/Database/Connectors/Connector->tryAgainIfCausedByLostConnection(Object(PDOException), 'mysql:host=127....', 'root', '', Array)
#3 C:/Users/hp/Downloads/blog-dashboard/vendor/laravel/framework/src/Illuminate/Database/Connectors/MySqlConnector.php(24): Illuminate/Database/Connectors/Connector->createConnection('mysql:host=127....', Array, Array)
#4 C:/Users/hp/Downloads/blog-dashboard/vendor/laravel/framework/src/Illuminate/Database/Connectors/ConnectionFactory.php(184): Illuminate/Database/Connectors/MySqlConnector->connect(Array)
#5 [internal function]: Illuminate/Database/Connectors/ConnectionFactory->Illuminate/Database/Connectors/{closure}()
#6 C:/Users/hp/Downloads/blog-dashboard/vendor/laravel/framework/src/Illuminate/Database/Connection.php(1339): call_user_func(Object(Closure))
#7 C:/Users/hp/Downloads/blog-dashboard/vendor/laravel/framework/src/Illuminate/Database/Connection.php(528): Illuminate/Database/Connection->getPdo()
#8 C:/Users/hp/Downloads/blog-dashboard/vendor/laravel/framework/src/Illuminate/Database/Connection.php(423): Illuminate/Database/Connection->getPdoForSelect(false)
#9 C:/Users/hp/Downloads/blog-dashboard/vendor/laravel/framework/src/Illuminate/Database/Connection.php(816): Illuminate/Database/Connection->Illuminate/Database/{closure}('select table_na...', Array)
#10 C:/Users/hp/Downloads/blog-dashboard/vendor/laravel/framework/src/Illuminate/Database/Connection.php(983): Illuminate/Database/Connection->runQueryCallback('select table_na...', Array, Object(Closure))
#11 C:/Users/hp/Downloads/blog-dashboard/vendor/laravel/framework/src/Illuminate/Database/Connection.php(962): Illuminate/Database/Connection->tryAgainIfCausedByLostConnection(Object(Illuminate/Database/QueryException), 'select table_na...', Array, Object(Closure))
#12 C:/Users/hp/Downloads/blog-dashboard/vendor/laravel/framework/src/Illuminate/Database/Connection.php(785): Illuminate/Database/Connection->handleQueryException(Object(Illuminate/Database/QueryException), 'select table_na...', Array, Object(Closure))
#13 C:/Users/hp/Downloads/blog-dashboard/vendor/laravel/framework/src/Illuminate/Database/Connection.php(414): Illuminate/Database/Connection->run('select table_na...', Array, Object(Closure))
#14 C:/Users/hp/Downloads/blog-dashboard/vendor/laravel/framework/src/Illuminate/Database/Connection.php(401): Illuminate/Database/Connection->select('select table_na...', Array, false)
#15 C:/Users/hp/Downloads/blog-dashboard/vendor/laravel/framework/src/Illuminate/Database/Schema/MySqlBuilder.php(41): Illuminate/Database/Connection->selectFromWriteConnection('select table_na...')
#16 C:/Users/hp/Downloads/blog-dashboard/vendor/laravel/framework/src/Illuminate/Database/Schema/Builder.php(165): Illuminate/Database/Schema/MySqlBuilder->getTables(false)
#17 C:/Users/hp/Downloads/blog-dashboard/vendor/laravel/framework/src/Illuminate/Database/Migrations/DatabaseMigrationRepository.php(184): Illuminate/Database/Schema/Builder->hasTable('migrations')
#18 C:/Users/hp/Downloads/blog-dashboard/vendor/laravel/framework/src/Illuminate/Database/Migrations/Migrator.php(727): Illuminate/Database/Migrations/DatabaseMigrationRepository->repositoryExists()
#19 C:/Users/hp/Downloads/blog-dashboard/vendor/laravel/framework/src/Illuminate/Database/Console/Migrations/MigrateCommand.php(140): Illuminate/Database/Migrations/Migrator->repositoryExists()
#20 C:/Users/hp/Downloads/blog-dashboard/vendor/laravel/framework/src/Illuminate/Support/helpers.php(261): Illuminate/Database/Console/Migrations/MigrateCommand->Illuminate/Database/Console/Migrations/{closure}(1)
#21 C:/Users/hp/Downloads/blog-dashboard/vendor/laravel/framework/src/Illuminate/Database/Console/Migrations/MigrateCommand.php(140): retry(1, Object(Closure), 0, Object(Closure))
#22 C:/Users/hp/Downloads/blog-dashboard/vendor/laravel/framework/src/Illuminate/Database/Console/Migrations/MigrateCommand.php(116): Illuminate/Database/Console/Migrations/MigrateCommand->repositoryExists()
#23 C:/Users/hp/Downloads/blog-dashboard/vendor/laravel/framework/src/Illuminate/Database/Console/Migrations/MigrateCommand.php(84): Illuminate/Database/Console/Migrations/MigrateCommand->prepareDatabase()
#24 C:/Users/hp/Downloads/blog-dashboard/vendor/laravel/framework/src/Illuminate/Database/Migrations/Migrator.php(641): Illuminate/Database/Console/Migrations/MigrateCommand->Illuminate/Database/Console/Migrations/{closure}()
#25 C:/Users/hp/Downloads/blog-dashboard/vendor/laravel/framework/src/Illuminate/Database/Console/Migrations/MigrateCommand.php(83): Illuminate/Database/Migrations/Migrator->usingConnection(NULL, Object(Closure))
#26 C:/Users/hp/Downloads/blog-dashboard/vendor/laravel/framework/src/Illuminate/Container/BoundMethod.php(36): Illuminate/Database/Console/Migrations/MigrateCommand->handle()
#27 C:/Users/hp/Downloads/blog-dashboard/vendor/laravel/framework/src/Illuminate/Container/Util.php(41): Illuminate/Container/BoundMethod::Illuminate/Container/{closure}()
#28 C:/Users/hp/Downloads/blog-dashboard/vendor/laravel/framework/src/Illuminate/Container/BoundMethod.php(93): Illuminate/Container/Util::unwrapIfClosure(Object(Closure))
#29 C:/Users/hp/Downloads/blog-dashboard/vendor/laravel/framework/src/Illuminate/Container/BoundMethod.php(35): Illuminate/Container/BoundMethod::callBoundMethod(Object(Illuminate/Foundation/Application), Array, Object(Closure))
#30 C:/Users/hp/Downloads/blog-dashboard/vendor/laravel/framework/src/Illuminate/Container/Container.php(662): Illuminate/Container/BoundMethod::call(Object(Illuminate/Foundation/Application), Array, Array, NULL)
#31 C:/Users/hp/Downloads/blog-dashboard/vendor/laravel/framework/src/Illuminate/Console/Command.php(211): Illuminate/Container/Container->call(Array)
#32 C:/Users/hp/Downloads/blog-dashboard/vendor/symfony/console/Command/Command.php(326): Illuminate/Console/Command->execute(Object(Symfony/Component/Console/Input/ArgvInput), Object(Illuminate/Console/OutputStyle))
#33 C:/Users/hp/Downloads/blog-dashboard/vendor/laravel/framework/src/Illuminate/Console/Command.php(180): Symfony/Component/Console/Command/Command->run(Object(Symfony/Component/Console/Input/ArgvInput), Object(Illuminate/Console/OutputStyle))
#34 C:/Users/hp/Downloads/blog-dashboard/vendor/symfony/console/Application.php(1121): Illuminate/Console/Command->run(Object(Symfony/Component/Console/Input/ArgvInput), Object(Symfony/Component/Console/Output/ConsoleOutput))
#35 C:/Users/hp/Downloads/blog-dashboard/vendor/symfony/console/Application.php(324): Symfony/Component/Console/Application->doRunCommand(Object(Illuminate/Database/Console/Migrations/MigrateCommand), Object(Symfony/Component/Console/Input/ArgvInput), Object(Symfony/Component/Console/Output/ConsoleOutput))
#36 C:/Users/hp/Downloads/blog-dashboard/vendor/symfony/console/Application.php(175): Symfony/Component/Console/Application->doRun(Object(Symfony/Component/Console/Input/ArgvInput), Object(Symfony/Component/Console/Output/ConsoleOutput))
#37 C:/Users/hp/Downloads/blog-dashboard/vendor/laravel/framework/src/Illuminate/Foundation/Console/Kernel.php(201): Symfony/Component/Console/Application->run(Object(Symfony/Component/Console/Input/ArgvInput), Object(Symfony/Component/Console/Output/ConsoleOutput))
#38 C:/Users/hp/Downloads/blog-dashboard/artisan(24): Illuminate/Foundation/Console/Kernel->handle(Object(Symfony/Component/Console/Input/ArgvInput), Object(Symfony/Component/Console/Output/ConsoleOutput))
#39 {main}
"} 
[2026-06-11 11:40:43] local.ERROR: Database connection [sqlite] not configured. {"exception":"[object] (InvalidArgumentException(code: 0): Database connection [sqlite] not configured. at C:/Users/hp/Downloads/blog-dashboard/vendor/laravel/framework/src/Illuminate/Database/DatabaseManager.php:196)
[stacktrace]
#0 C:/Users/hp/Downloads/blog-dashboard/vendor/laravel/framework/src/Illuminate/Database/DatabaseManager.php(159): Illuminate/Database/DatabaseManager->configuration('sqlite')
#1 C:/Users/hp/Downloads/blog-dashboard/vendor/laravel/framework/src/Illuminate/Database/DatabaseManager.php(101): Illuminate/Database/DatabaseManager->makeConnection('sqlite')
#2 C:/Users/hp/Downloads/blog-dashboard/vendor/laravel/framework/src/Illuminate/Database/Migrations/DatabaseMigrationRepository.php(226): Illuminate/Database/DatabaseManager->connection('sqlite')
#3 C:/Users/hp/Downloads/blog-dashboard/vendor/laravel/framework/src/Illuminate/Database/Migrations/DatabaseMigrationRepository.php(182): Illuminate/Database/Migrations/DatabaseMigrationRepository->getConnection()
#4 C:/Users/hp/Downloads/blog-dashboard/vendor/laravel/framework/src/Illuminate/Database/Migrations/Migrator.php(727): Illuminate/Database/Migrations/DatabaseMigrationRepository->repositoryExists()
#5 C:/Users/hp/Downloads/blog-dashboard/vendor/laravel/framework/src/Illuminate/Database/Console/Migrations/MigrateCommand.php(140): Illuminate/Database/Migrations/Migrator->repositoryExists()
#6 C:/Users/hp/Downloads/blog-dashboard/vendor/laravel/framework/src/Illuminate/Support/helpers.php(261): Illuminate/Database/Console/Migrations/MigrateCommand->Illuminate/Database/Console/Migrations/{closure}(1)
#7 C:/Users/hp/Downloads/blog-dashboard/vendor/laravel/framework/src/Illuminate/Database/Console/Migrations/MigrateCommand.php(140): retry(1, Object(Closure), 0, Object(Closure))
#8 C:/Users/hp/Downloads/blog-dashboard/vendor/laravel/framework/src/Illuminate/Database/Console/Migrations/MigrateCommand.php(116): Illuminate/Database/Console/Migrations/MigrateCommand->repositoryExists()
#9 C:/Users/hp/Downloads/blog-dashboard/vendor/laravel/framework/src/Illuminate/Database/Console/Migrations/MigrateCommand.php(84): Illuminate/Database/Console/Migrations/MigrateCommand->prepareDatabase()
#10 C:/Users/hp/Downloads/blog-dashboard/vendor/laravel/framework/src/Illuminate/Database/Migrations/Migrator.php(641): Illuminate/Database/Console/Migrations/MigrateCommand->Illuminate/Database/Console/Migrations/{closure}()
#11 C:/Users/hp/Downloads/blog-dashboard/vendor/laravel/framework/src/Illuminate/Database/Console/Migrations/MigrateCommand.php(83): Illuminate/Database/Migrations/Migrator->usingConnection(NULL, Object(Closure))
#12 C:/Users/hp/Downloads/blog-dashboard/vendor/laravel/framework/src/Illuminate/Container/BoundMethod.php(36): Illuminate/Database/Console/Migrations/MigrateCommand->handle()
#13 C:/Users/hp/Downloads/blog-dashboard/vendor/laravel/framework/src/Illuminate/Container/Util.php(41): Illuminate/Container/BoundMethod::Illuminate/Container/{closure}()
#14 C:/Users/hp/Downloads/blog-dashboard/vendor/laravel/framework/src/Illuminate/Container/BoundMethod.php(93): Illuminate/Container/Util::unwrapIfClosure(Object(Closure))
#15 C:/Users/hp/Downloads/blog-dashboard/vendor/laravel/framework/src/Illuminate/Container/BoundMethod.php(35): Illuminate/Container/BoundMethod::callBoundMethod(Object(Illuminate/Foundation/Application), Array, Object(Closure))
#16 C:/Users/hp/Downloads/blog-dashboard/vendor/laravel/framework/src/Illuminate/Container/Container.php(662): Illuminate/Container/BoundMethod::call(Object(Illuminate/Foundation/Application), Array, Array, NULL)
#17 C:/Users/hp/Downloads/blog-dashboard/vendor/laravel/framework/src/Illuminate/Console/Command.php(211): Illuminate/Container/Container->call(Array)
#18 C:/Users/hp/Downloads/blog-dashboard/vendor/symfony/console/Command/Command.php(326): Illuminate/Console/Command->execute(Object(Symfony/Component/Console/Input/ArgvInput), Object(Illuminate/Console/OutputStyle))
#19 C:/Users/hp/Downloads/blog-dashboard/vendor/laravel/framework/src/Illuminate/Console/Command.php(180): Symfony/Component/Console/Command/Command->run(Object(Symfony/Component/Console/Input/ArgvInput), Object(Illuminate/Console/OutputStyle))
#20 C:/Users/hp/Downloads/blog-dashboard/vendor/symfony/console/Application.php(1121): Illuminate/Console/Command->run(Object(Symfony/Component/Console/Input/ArgvInput), Object(Symfony/Component/Console/Output/ConsoleOutput))
#21 C:/Users/hp/Downloads/blog-dashboard/vendor/symfony/console/Application.php(324): Symfony/Component/Console/Application->doRunCommand(Object(Illuminate/Database/Console/Migrations/MigrateCommand), Object(Symfony/Component/Console/Input/ArgvInput), Object(Symfony/Component/Console/Output/ConsoleOutput))
#22 C:/Users/hp/Downloads/blog-dashboard/vendor/symfony/console/Application.php(175): Symfony/Component/Console/Application->doRun(Object(Symfony/Component/Console/Input/ArgvInput), Object(Symfony/Component/Console/Output/ConsoleOutput))
#23 C:/Users/hp/Downloads/blog-dashboard/vendor/laravel/framework/src/Illuminate/Foundation/Console/Kernel.php(201): Symfony/Component/Console/Application->run(Object(Symfony/Component/Console/Input/ArgvInput), Object(Symfony/Component/Console/Output/ConsoleOutput))
#24 C:/Users/hp/Downloads/blog-dashboard/artisan(24): Illuminate/Foundation/Console/Kernel->handle(Object(Symfony/Component/Console/Input/ArgvInput), Object(Symfony/Component/Console/Output/ConsoleOutput))
#25 {main}
"} 
[2026-06-11 11:44:29] local.ERROR: Database connection [sqlite] not configured. {"exception":"[object] (InvalidArgumentException(code: 0): Database connection [sqlite] not configured. at C:/Users/hp/Downloads/blog-dashboard/vendor/laravel/framework/src/Illuminate/Database/DatabaseManager.php:196)
[stacktrace]
#0 C:/Users/hp/Downloads/blog-dashboard/vendor/laravel/framework/src/Illuminate/Database/DatabaseManager.php(159): Illuminate/Database/DatabaseManager->configuration('sqlite')
#1 C:/Users/hp/Downloads/blog-dashboard/vendor/laravel/framework/src/Illuminate/Database/DatabaseManager.php(101): Illuminate/Database/DatabaseManager->makeConnection('sqlite')
#2 C:/Users/hp/Downloads/blog-dashboard/vendor/laravel/framework/src/Illuminate/Database/Eloquent/Model.php(1820): Illuminate/Database/DatabaseManager->connection('sqlite')
#3 C:/Users/hp/Downloads/blog-dashboard/vendor/laravel/framework/src/Illuminate/Database/Eloquent/Model.php(1786): Illuminate/Database/Eloquent/Model::resolveConnection(NULL)
#4 C:/Users/hp/Downloads/blog-dashboard/vendor/laravel/framework/src/Illuminate/Database/Eloquent/Model.php(1577): Illuminate/Database/Eloquent/Model->getConnection()
#5 C:/Users/hp/Downloads/blog-dashboard/vendor/laravel/framework/src/Illuminate/Database/Eloquent/Model.php(1496): Illuminate/Database/Eloquent/Model->newBaseQueryBuilder()
#6 C:/Users/hp/Downloads/blog-dashboard/vendor/laravel/framework/src/Illuminate/Database/Eloquent/Model.php(1532): Illuminate/Database/Eloquent/Model->newModelQuery()
#7 C:/Users/hp/Downloads/blog-dashboard/vendor/laravel/framework/src/Illuminate/Database/Eloquent/Model.php(1485): Illuminate/Database/Eloquent/Model->newQueryWithoutScopes()
#8 C:/Users/hp/Downloads/blog-dashboard/vendor/laravel/framework/src/Illuminate/Database/Eloquent/Model.php(1475): Illuminate/Database/Eloquent/Model->newQuery()
#9 C:/Users/hp/Downloads/blog-dashboard/vendor/laravel/framework/src/Illuminate/Database/Eloquent/Model.php(688): Illuminate/Database/Eloquent/Model::query()
#10 C:/Users/hp/Downloads/blog-dashboard/app/Http/Controllers/BlogController.php(16): Illuminate/Database/Eloquent/Model::with('category')
#11 C:/Users/hp/Downloads/blog-dashboard/vendor/laravel/framework/src/Illuminate/Routing/Controller.php(54): App/Http/Controllers/BlogController->index()
#12 C:/Users/hp/Downloads/blog-dashboard/vendor/laravel/framework/src/Illuminate/Routing/ControllerDispatcher.php(43): Illuminate/Routing/Controller->callAction('index', Array)
#13 C:/Users/hp/Downloads/blog-dashboard/vendor/laravel/framework/src/Illuminate/Routing/Route.php(259): Illuminate/Routing/ControllerDispatcher->dispatch(Object(Illuminate/Routing/Route), Object(App/Http/Controllers/BlogController), 'index')
#14 C:/Users/hp/Downloads/blog-dashboard/vendor/laravel/framework/src/Illuminate/Routing/Route.php(205): Illuminate/Routing/Route->runController()
#15 C:/Users/hp/Downloads/blog-dashboard/vendor/laravel/framework/src/Illuminate/Routing/Router.php(806): Illuminate/Routing/Route->run()
#16 C:/Users/hp/Downloads/blog-dashboard/vendor/laravel/framework/src/Illuminate/Pipeline/Pipeline.php(144): Illuminate/Routing/Router->Illuminate/Routing/{closure}(Object(Illuminate/Http/Request))
#17 C:/Users/hp/Downloads/blog-dashboard/vendor/laravel/framework/src/Illuminate/Routing/Middleware/SubstituteBindings.php(50): Illuminate/Pipeline/Pipeline->Illuminate/Pipeline/{closure}(Object(Illuminate/Http/Request))
#18 C:/Users/hp/Downloads/blog-dashboard/vendor/laravel/framework/src/Illuminate/Pipeline/Pipeline.php(183): Illuminate/Routing/Middleware/SubstituteBindings->handle(Object(Illuminate/Http/Request), Object(Closure))
#19 C:/Users/hp/Downloads/blog-dashboard/vendor/laravel/framework/src/Illuminate/Foundation/Http/Middleware/VerifyCsrfToken.php(78): Illuminate/Pipeline/Pipeline->Illuminate/Pipeline/{closure}(Object(Illuminate/Http/Request))
#20 C:/Users/hp/Downloads/blog-dashboard/vendor/laravel/framework/src/Illuminate/Pipeline/Pipeline.php(183): Illuminate/Foundation/Http/Middleware/VerifyCsrfToken->handle(Object(Illuminate/Http/Request), Object(Closure))
#21 C:/Users/hp/Downloads/blog-dashboard/vendor/laravel/framework/src/Illuminate/View/Middleware/ShareErrorsFromSession.php(49): Illuminate/Pipeline/Pipeline->Illuminate/Pipeline/{closure}(Object(Illuminate/Http/Request))
#22 C:/Users/hp/Downloads/blog-dashboard/vendor/laravel/framework/src/Illuminate/Pipeline/Pipeline.php(183): Illuminate/View/Middleware/ShareErrorsFromSession->handle(Object(Illuminate/Http/Request), Object(Closure))
#23 C:/Users/hp/Downloads/blog-dashboard/vendor/laravel/framework/src/Illuminate/Session/Middleware/StartSession.php(121): Illuminate/Pipeline/Pipeline->Illuminate/Pipeline/{closure}(Object(Illuminate/Http/Request))
#24 C:/Users/hp/Downloads/blog-dashboard/vendor/laravel/framework/src/Illuminate/Session/Middleware/StartSession.php(64): Illuminate/Session/Middleware/StartSession->handleStatefulRequest(Object(Illuminate/Http/Request), Object(Illuminate/Session/Store), Object(Closure))
#25 C:/Users/hp/Downloads/blog-dashboard/vendor/laravel/framework/src/Illuminate/Pipeline/Pipeline.php(183): Illuminate/Session/Middleware/StartSession->handle(Object(Illuminate/Http/Request), Object(Closure))
#26 C:/Users/hp/Downloads/blog-dashboard/vendor/laravel/framework/src/Illuminate/Cookie/Middleware/AddQueuedCookiesToResponse.php(37): Illuminate/Pipeline/Pipeline->Illuminate/Pipeline/{closure}(Object(Illuminate/Http/Request))
#27 C:/Users/hp/Downloads/blog-dashboard/vendor/laravel/framework/src/Illuminate/Pipeline/Pipeline.php(183): Illuminate/Cookie/Middleware/AddQueuedCookiesToResponse->handle(Object(Illuminate/Http/Request), Object(Closure))
#28 C:/Users/hp/Downloads/blog-dashboard/vendor/laravel/framework/src/Illuminate/Cookie/Middleware/EncryptCookies.php(67): Illuminate/Pipeline/Pipeline->Illuminate/Pipeline/{closure}(Object(Illuminate/Http/Request))
#29 C:/Users/hp/Downloads/blog-dashboard/vendor/laravel/framework/src/Illuminate/Pipeline/Pipeline.php(183): Illuminate/Cookie/Middleware/EncryptCookies->handle(Object(Illuminate/Http/Request), Object(Closure))
#30 C:/Users/hp/Downloads/blog-dashboard/vendor/laravel/framework/src/Illuminate/Pipeline/Pipeline.php(119): Illuminate/Pipeline/Pipeline->Illuminate/Pipeline/{closure}(Object(Illuminate/Http/Request))
#31 C:/Users/hp/Downloads/blog-dashboard/vendor/laravel/framework/src/Illuminate/Routing/Router.php(805): Illuminate/Pipeline/Pipeline->then(Object(Closure))
#32 C:/Users/hp/Downloads/blog-dashboard/vendor/laravel/framework/src/Illuminate/Routing/Router.php(784): Illuminate/Routing/Router->runRouteWithinStack(Object(Illuminate/Routing/Route), Object(Illuminate/Http/Request))
#33 C:/Users/hp/Downloads/blog-dashboard/vendor/laravel/framework/src/Illuminate/Routing/Router.php(748): Illuminate/Routing/Router->runRoute(Object(Illuminate/Http/Request), Object(Illuminate/Routing/Route))
#34 C:/Users/hp/Downloads/blog-dashboard/vendor/laravel/framework/src/Illuminate/Routing/Router.php(737): Illuminate/Routing/Router->dispatchToRoute(Object(Illuminate/Http/Request))
#35 C:/Users/hp/Downloads/blog-dashboard/vendor/laravel/framework/src/Illuminate/Foundation/Http/Kernel.php(200): Illuminate/Routing/Router->dispatch(Object(Illuminate/Http/Request))
#36 C:/Users/hp/Downloads/blog-dashboard/vendor/laravel/framework/src/Illuminate/Pipeline/Pipeline.php(144): Illuminate/Foundation/Http/Kernel->Illuminate/Foundation/Http/{closure}(Object(Illuminate/Http/Request))
#37 C:/Users/hp/Downloads/blog-dashboard/vendor/laravel/framework/src/Illuminate/Foundation/Http/Middleware/TransformsRequest.php(21): Illuminate/Pipeline/Pipeline->Illuminate/Pipeline/{closure}(Object(Illuminate/Http/Request))
#38 C:/Users/hp/Downloads/blog-dashboard/vendor/laravel/framework/src/Illuminate/Foundation/Http/Middleware/ConvertEmptyStringsToNull.php(31): Illuminate/Foundation/Http/Middleware/TransformsRequest->handle(Object(Illuminate/Http/Request), Object(Closure))
#39 C:/Users/hp/Downloads/blog-dashboard/vendor/laravel/framework/src/Illuminate/Pipeline/Pipeline.php(183): Illuminate/Foundation/Http/Middleware/ConvertEmptyStringsToNull->handle(Object(Illuminate/Http/Request), Object(Closure))
#40 C:/Users/hp/Downloads/blog-dashboard/vendor/laravel/framework/src/Illuminate/Foundation/Http/Middleware/TransformsRequest.php(21): Illuminate/Pipeline/Pipeline->Illuminate/Pipeline/{closure}(Object(Illuminate/Http/Request))
#41 C:/Users/hp/Downloads/blog-dashboard/vendor/laravel/framework/src/Illuminate/Foundation/Http/Middleware/TrimStrings.php(40): Illuminate/Foundation/Http/Middleware/TransformsRequest->handle(Object(Illuminate/Http/Request), Object(Closure))
#42 C:/Users/hp/Downloads/blog-dashboard/vendor/laravel/framework/src/Illuminate/Pipeline/Pipeline.php(183): Illuminate/Foundation/Http/Middleware/TrimStrings->handle(Object(Illuminate/Http/Request), Object(Closure))
#43 C:/Users/hp/Downloads/blog-dashboard/vendor/laravel/framework/src/Illuminate/Foundation/Http/Middleware/ValidatePostSize.php(27): Illuminate/Pipeline/Pipeline->Illuminate/Pipeline/{closure}(Object(Illuminate/Http/Request))
#44 C:/Users/hp/Downloads/blog-dashboard/vendor/laravel/framework/src/Illuminate/Pipeline/Pipeline.php(183): Illuminate/Foundation/Http/Middleware/ValidatePostSize->handle(Object(Illuminate/Http/Request), Object(Closure))
#45 C:/Users/hp/Downloads/blog-dashboard/vendor/laravel/framework/src/Illuminate/Foundation/Http/Middleware/PreventRequestsDuringMaintenance.php(99): Illuminate/Pipeline/Pipeline->Illuminate/Pipeline/{closure}(Object(Illuminate/Http/Request))
#46 C:/Users/hp/Downloads/blog-dashboard/vendor/laravel/framework/src/Illuminate/Pipeline/Pipeline.php(183): Illuminate/Foundation/Http/Middleware/PreventRequestsDuringMaintenance->handle(Object(Illuminate/Http/Request), Object(Closure))
#47 C:/Users/hp/Downloads/blog-dashboard/vendor/laravel/framework/src/Illuminate/Http/Middleware/HandleCors.php(49): Illuminate/Pipeline/Pipeline->Illuminate/Pipeline/{closure}(Object(Illuminate/Http/Request))
#48 C:/Users/hp/Downloads/blog-dashboard/vendor/laravel/framework/src/Illuminate/Pipeline/Pipeline.php(183): Illuminate/Http/Middleware/HandleCors->handle(Object(Illuminate/Http/Request), Object(Closure))
#49 C:/Users/hp/Downloads/blog-dashboard/vendor/laravel/framework/src/Illuminate/Http/Middleware/TrustProxies.php(39): Illuminate/Pipeline/Pipeline->Illuminate/Pipeline/{closure}(Object(Illuminate/Http/Request))
#50 C:/Users/hp/Downloads/blog-dashboard/vendor/laravel/framework/src/Illuminate/Pipeline/Pipeline.php(183): Illuminate/Http/Middleware/TrustProxies->handle(Object(Illuminate/Http/Request), Object(Closure))
#51 C:/Users/hp/Downloads/blog-dashboard/vendor/laravel/framework/src/Illuminate/Pipeline/Pipeline.php(119): Illuminate/Pipeline/Pipeline->Illuminate/Pipeline/{closure}(Object(Illuminate/Http/Request))
#52 C:/Users/hp/Downloads/blog-dashboard/vendor/laravel/framework/src/Illuminate/Foundation/Http/Kernel.php(175): Illuminate/Pipeline/Pipeline->then(Object(Closure))
#53 C:/Users/hp/Downloads/blog-dashboard/vendor/laravel/framework/src/Illuminate/Foundation/Http/Kernel.php(144): Illuminate/Foundation/Http/Kernel->sendRequestThroughRouter(Object(Illuminate/Http/Request))
#54 C:/Users/hp/Downloads/blog-dashboard/public/index.php(36): Illuminate/Foundation/Http/Kernel->handle(Object(Illuminate/Http/Request))
#55 C:/Users/hp/Downloads/blog-dashboard/server.php(21): require_once('C://Users//hp//Dow...')
#56 {main}
"} 
[2026-06-11 11:44:50] local.ERROR: Database connection [sqlite] not configured. {"exception":"[object] (InvalidArgumentException(code: 0): Database connection [sqlite] not configured. at C:/Users/hp/Downloads/blog-dashboard/vendor/laravel/framework/src/Illuminate/Database/DatabaseManager.php:196)
[stacktrace]
#0 C:/Users/hp/Downloads/blog-dashboard/vendor/laravel/framework/src/Illuminate/Database/DatabaseManager.php(159): Illuminate/Database/DatabaseManager->configuration('sqlite')
#1 C:/Users/hp/Downloads/blog-dashboard/vendor/laravel/framework/src/Illuminate/Database/DatabaseManager.php(101): Illuminate/Database/DatabaseManager->makeConnection('sqlite')
#2 C:/Users/hp/Downloads/blog-dashboard/vendor/laravel/framework/src/Illuminate/Database/Eloquent/Model.php(1820): Illuminate/Database/DatabaseManager->connection('sqlite')
#3 C:/Users/hp/Downloads/blog-dashboard/vendor/laravel/framework/src/Illuminate/Database/Eloquent/Model.php(1786): Illuminate/Database/Eloquent/Model::resolveConnection(NULL)
#4 C:/Users/hp/Downloads/blog-dashboard/vendor/laravel/framework/src/Illuminate/Database/Eloquent/Model.php(1577): Illuminate/Database/Eloquent/Model->getConnection()
#5 C:/Users/hp/Downloads/blog-dashboard/vendor/laravel/framework/src/Illuminate/Database/Eloquent/Model.php(1496): Illuminate/Database/Eloquent/Model->newBaseQueryBuilder()
#6 C:/Users/hp/Downloads/blog-dashboard/vendor/laravel/framework/src/Illuminate/Database/Eloquent/Model.php(1532): Illuminate/Database/Eloquent/Model->newModelQuery()
#7 C:/Users/hp/Downloads/blog-dashboard/vendor/laravel/framework/src/Illuminate/Database/Eloquent/Model.php(1485): Illuminate/Database/Eloquent/Model->newQueryWithoutScopes()
#8 C:/Users/hp/Downloads/blog-dashboard/vendor/laravel/framework/src/Illuminate/Database/Eloquent/Model.php(1475): Illuminate/Database/Eloquent/Model->newQuery()
#9 C:/Users/hp/Downloads/blog-dashboard/vendor/laravel/framework/src/Illuminate/Database/Eloquent/Model.php(688): Illuminate/Database/Eloquent/Model::query()
#10 C:/Users/hp/Downloads/blog-dashboard/app/Http/Controllers/BlogController.php(16): Illuminate/Database/Eloquent/Model::with('category')
#11 C:/Users/hp/Downloads/blog-dashboard/vendor/laravel/framework/src/Illuminate/Routing/Controller.php(54): App/Http/Controllers/BlogController->index()
#12 C:/Users/hp/Downloads/blog-dashboard/vendor/laravel/framework/src/Illuminate/Routing/ControllerDispatcher.php(43): Illuminate/Routing/Controller->callAction('index', Array)
#13 C:/Users/hp/Downloads/blog-dashboard/vendor/laravel/framework/src/Illuminate/Routing/Route.php(259): Illuminate/Routing/ControllerDispatcher->dispatch(Object(Illuminate/Routing/Route), Object(App/Http/Controllers/BlogController), 'index')
#14 C:/Users/hp/Downloads/blog-dashboard/vendor/laravel/framework/src/Illuminate/Routing/Route.php(205): Illuminate/Routing/Route->runController()
#15 C:/Users/hp/Downloads/blog-dashboard/vendor/laravel/framework/src/Illuminate/Routing/Router.php(806): Illuminate/Routing/Route->run()
#16 C:/Users/hp/Downloads/blog-dashboard/vendor/laravel/framework/src/Illuminate/Pipeline/Pipeline.php(144): Illuminate/Routing/Router->Illuminate/Routing/{closure}(Object(Illuminate/Http/Request))
#17 C:/Users/hp/Downloads/blog-dashboard/vendor/laravel/framework/src/Illuminate/Routing/Middleware/SubstituteBindings.php(50): Illuminate/Pipeline/Pipeline->Illuminate/Pipeline/{closure}(Object(Illuminate/Http/Request))
#18 C:/Users/hp/Downloads/blog-dashboard/vendor/laravel/framework/src/Illuminate/Pipeline/Pipeline.php(183): Illuminate/Routing/Middleware/SubstituteBindings->handle(Object(Illuminate/Http/Request), Object(Closure))
#19 C:/Users/hp/Downloads/blog-dashboard/vendor/laravel/framework/src/Illuminate/Foundation/Http/Middleware/VerifyCsrfToken.php(78): Illuminate/Pipeline/Pipeline->Illuminate/Pipeline/{closure}(Object(Illuminate/Http/Request))
#20 C:/Users/hp/Downloads/blog-dashboard/vendor/laravel/framework/src/Illuminate/Pipeline/Pipeline.php(183): Illuminate/Foundation/Http/Middleware/VerifyCsrfToken->handle(Object(Illuminate/Http/Request), Object(Closure))
#21 C:/Users/hp/Downloads/blog-dashboard/vendor/laravel/framework/src/Illuminate/View/Middleware/ShareErrorsFromSession.php(49): Illuminate/Pipeline/Pipeline->Illuminate/Pipeline/{closure}(Object(Illuminate/Http/Request))
#22 C:/Users/hp/Downloads/blog-dashboard/vendor/laravel/framework/src/Illuminate/Pipeline/Pipeline.php(183): Illuminate/View/Middleware/ShareErrorsFromSession->handle(Object(Illuminate/Http/Request), Object(Closure))
#23 C:/Users/hp/Downloads/blog-dashboard/vendor/laravel/framework/src/Illuminate/Session/Middleware/StartSession.php(121): Illuminate/Pipeline/Pipeline->Illuminate/Pipeline/{closure}(Object(Illuminate/Http/Request))
#24 C:/Users/hp/Downloads/blog-dashboard/vendor/laravel/framework/src/Illuminate/Session/Middleware/StartSession.php(64): Illuminate/Session/Middleware/StartSession->handleStatefulRequest(Object(Illuminate/Http/Request), Object(Illuminate/Session/Store), Object(Closure))
#25 C:/Users/hp/Downloads/blog-dashboard/vendor/laravel/framework/src/Illuminate/Pipeline/Pipeline.php(183): Illuminate/Session/Middleware/StartSession->handle(Object(Illuminate/Http/Request), Object(Closure))
#26 C:/Users/hp/Downloads/blog-dashboard/vendor/laravel/framework/src/Illuminate/Cookie/Middleware/AddQueuedCookiesToResponse.php(37): Illuminate/Pipeline/Pipeline->Illuminate/Pipeline/{closure}(Object(Illuminate/Http/Request))
#27 C:/Users/hp/Downloads/blog-dashboard/vendor/laravel/framework/src/Illuminate/Pipeline/Pipeline.php(183): Illuminate/Cookie/Middleware/AddQueuedCookiesToResponse->handle(Object(Illuminate/Http/Request), Object(Closure))
#28 C:/Users/hp/Downloads/blog-dashboard/vendor/laravel/framework/src/Illuminate/Cookie/Middleware/EncryptCookies.php(67): Illuminate/Pipeline/Pipeline->Illuminate/Pipeline/{closure}(Object(Illuminate/Http/Request))
#29 C:/Users/hp/Downloads/blog-dashboard/vendor/laravel/framework/src/Illuminate/Pipeline/Pipeline.php(183): Illuminate/Cookie/Middleware/EncryptCookies->handle(Object(Illuminate/Http/Request), Object(Closure))
#30 C:/Users/hp/Downloads/blog-dashboard/vendor/laravel/framework/src/Illuminate/Pipeline/Pipeline.php(119): Illuminate/Pipeline/Pipeline->Illuminate/Pipeline/{closure}(Object(Illuminate/Http/Request))
#31 C:/Users/hp/Downloads/blog-dashboard/vendor/laravel/framework/src/Illuminate/Routing/Router.php(805): Illuminate/Pipeline/Pipeline->then(Object(Closure))
#32 C:/Users/hp/Downloads/blog-dashboard/vendor/laravel/framework/src/Illuminate/Routing/Router.php(784): Illuminate/Routing/Router->runRouteWithinStack(Object(Illuminate/Routing/Route), Object(Illuminate/Http/Request))
#33 C:/Users/hp/Downloads/blog-dashboard/vendor/laravel/framework/src/Illuminate/Routing/Router.php(748): Illuminate/Routing/Router->runRoute(Object(Illuminate/Http/Request), Object(Illuminate/Routing/Route))
#34 C:/Users/hp/Downloads/blog-dashboard/vendor/laravel/framework/src/Illuminate/Routing/Router.php(737): Illuminate/Routing/Router->dispatchToRoute(Object(Illuminate/Http/Request))
#35 C:/Users/hp/Downloads/blog-dashboard/vendor/laravel/framework/src/Illuminate/Foundation/Http/Kernel.php(200): Illuminate/Routing/Router->dispatch(Object(Illuminate/Http/Request))
#36 C:/Users/hp/Downloads/blog-dashboard/vendor/laravel/framework/src/Illuminate/Pipeline/Pipeline.php(144): Illuminate/Foundation/Http/Kernel->Illuminate/Foundation/Http/{closure}(Object(Illuminate/Http/Request))
#37 C:/Users/hp/Downloads/blog-dashboard/vendor/laravel/framework/src/Illuminate/Foundation/Http/Middleware/TransformsRequest.php(21): Illuminate/Pipeline/Pipeline->Illuminate/Pipeline/{closure}(Object(Illuminate/Http/Request))
#38 C:/Users/hp/Downloads/blog-dashboard/vendor/laravel/framework/src/Illuminate/Foundation/Http/Middleware/ConvertEmptyStringsToNull.php(31): Illuminate/Foundation/Http/Middleware/TransformsRequest->handle(Object(Illuminate/Http/Request), Object(Closure))
#39 C:/Users/hp/Downloads/blog-dashboard/vendor/laravel/framework/src/Illuminate/Pipeline/Pipeline.php(183): Illuminate/Foundation/Http/Middleware/ConvertEmptyStringsToNull->handle(Object(Illuminate/Http/Request), Object(Closure))
#40 C:/Users/hp/Downloads/blog-dashboard/vendor/laravel/framework/src/Illuminate/Foundation/Http/Middleware/TransformsRequest.php(21): Illuminate/Pipeline/Pipeline->Illuminate/Pipeline/{closure}(Object(Illuminate/Http/Request))
#41 C:/Users/hp/Downloads/blog-dashboard/vendor/laravel/framework/src/Illuminate/Foundation/Http/Middleware/TrimStrings.php(40): Illuminate/Foundation/Http/Middleware/TransformsRequest->handle(Object(Illuminate/Http/Request), Object(Closure))
#42 C:/Users/hp/Downloads/blog-dashboard/vendor/laravel/framework/src/Illuminate/Pipeline/Pipeline.php(183): Illuminate/Foundation/Http/Middleware/TrimStrings->handle(Object(Illuminate/Http/Request), Object(Closure))
#43 C:/Users/hp/Downloads/blog-dashboard/vendor/laravel/framework/src/Illuminate/Foundation/Http/Middleware/ValidatePostSize.php(27): Illuminate/Pipeline/Pipeline->Illuminate/Pipeline/{closure}(Object(Illuminate/Http/Request))
#44 C:/Users/hp/Downloads/blog-dashboard/vendor/laravel/framework/src/Illuminate/Pipeline/Pipeline.php(183): Illuminate/Foundation/Http/Middleware/ValidatePostSize->handle(Object(Illuminate/Http/Request), Object(Closure))
#45 C:/Users/hp/Downloads/blog-dashboard/vendor/laravel/framework/src/Illuminate/Foundation/Http/Middleware/PreventRequestsDuringMaintenance.php(99): Illuminate/Pipeline/Pipeline->Illuminate/Pipeline/{closure}(Object(Illuminate/Http/Request))
#46 C:/Users/hp/Downloads/blog-dashboard/vendor/laravel/framework/src/Illuminate/Pipeline/Pipeline.php(183): Illuminate/Foundation/Http/Middleware/PreventRequestsDuringMaintenance->handle(Object(Illuminate/Http/Request), Object(Closure))
#47 C:/Users/hp/Downloads/blog-dashboard/vendor/laravel/framework/src/Illuminate/Http/Middleware/HandleCors.php(49): Illuminate/Pipeline/Pipeline->Illuminate/Pipeline/{closure}(Object(Illuminate/Http/Request))
#48 C:/Users/hp/Downloads/blog-dashboard/vendor/laravel/framework/src/Illuminate/Pipeline/Pipeline.php(183): Illuminate/Http/Middleware/HandleCors->handle(Object(Illuminate/Http/Request), Object(Closure))
#49 C:/Users/hp/Downloads/blog-dashboard/vendor/laravel/framework/src/Illuminate/Http/Middleware/TrustProxies.php(39): Illuminate/Pipeline/Pipeline->Illuminate/Pipeline/{closure}(Object(Illuminate/Http/Request))
#50 C:/Users/hp/Downloads/blog-dashboard/vendor/laravel/framework/src/Illuminate/Pipeline/Pipeline.php(183): Illuminate/Http/Middleware/TrustProxies->handle(Object(Illuminate/Http/Request), Object(Closure))
#51 C:/Users/hp/Downloads/blog-dashboard/vendor/laravel/framework/src/Illuminate/Pipeline/Pipeline.php(119): Illuminate/Pipeline/Pipeline->Illuminate/Pipeline/{closure}(Object(Illuminate/Http/Request))
#52 C:/Users/hp/Downloads/blog-dashboard/vendor/laravel/framework/src/Illuminate/Foundation/Http/Kernel.php(175): Illuminate/Pipeline/Pipeline->then(Object(Closure))
#53 C:/Users/hp/Downloads/blog-dashboard/vendor/laravel/framework/src/Illuminate/Foundation/Http/Kernel.php(144): Illuminate/Foundation/Http/Kernel->sendRequestThroughRouter(Object(Illuminate/Http/Request))
#54 C:/Users/hp/Downloads/blog-dashboard/public/index.php(36): Illuminate/Foundation/Http/Kernel->handle(Object(Illuminate/Http/Request))
#55 C:/Users/hp/Downloads/blog-dashboard/server.php(21): require_once('C://Users//hp//Dow...')
#56 {main}
"} 
[2026-06-11 11:45:02] local.ERROR: Database connection [sqlite] not configured. {"exception":"[object] (InvalidArgumentException(code: 0): Database connection [sqlite] not configured. at C:/Users/hp/Downloads/blog-dashboard/vendor/laravel/framework/src/Illuminate/Database/DatabaseManager.php:196)
[stacktrace]
#0 C:/Users/hp/Downloads/blog-dashboard/vendor/laravel/framework/src/Illuminate/Database/DatabaseManager.php(159): Illuminate/Database/DatabaseManager->configuration('sqlite')
#1 C:/Users/hp/Downloads/blog-dashboard/vendor/laravel/framework/src/Illuminate/Database/DatabaseManager.php(101): Illuminate/Database/DatabaseManager->makeConnection('sqlite')
#2 C:/Users/hp/Downloads/blog-dashboard/vendor/laravel/framework/src/Illuminate/Database/Eloquent/Model.php(1820): Illuminate/Database/DatabaseManager->connection('sqlite')
#3 C:/Users/hp/Downloads/blog-dashboard/vendor/laravel/framework/src/Illuminate/Database/Eloquent/Model.php(1786): Illuminate/Database/Eloquent/Model::resolveConnection(NULL)
#4 C:/Users/hp/Downloads/blog-dashboard/vendor/laravel/framework/src/Illuminate/Database/Eloquent/Model.php(1577): Illuminate/Database/Eloquent/Model->getConnection()
#5 C:/Users/hp/Downloads/blog-dashboard/vendor/laravel/framework/src/Illuminate/Database/Eloquent/Model.php(1496): Illuminate/Database/Eloquent/Model->newBaseQueryBuilder()
#6 C:/Users/hp/Downloads/blog-dashboard/vendor/laravel/framework/src/Illuminate/Database/Eloquent/Model.php(1532): Illuminate/Database/Eloquent/Model->newModelQuery()
#7 C:/Users/hp/Downloads/blog-dashboard/vendor/laravel/framework/src/Illuminate/Database/Eloquent/Model.php(1485): Illuminate/Database/Eloquent/Model->newQueryWithoutScopes()
#8 C:/Users/hp/Downloads/blog-dashboard/vendor/laravel/framework/src/Illuminate/Database/Eloquent/Model.php(1475): Illuminate/Database/Eloquent/Model->newQuery()
#9 C:/Users/hp/Downloads/blog-dashboard/vendor/laravel/framework/src/Illuminate/Database/Eloquent/Model.php(688): Illuminate/Database/Eloquent/Model::query()
#10 C:/Users/hp/Downloads/blog-dashboard/app/Http/Controllers/BlogController.php(16): Illuminate/Database/Eloquent/Model::with('category')
#11 C:/Users/hp/Downloads/blog-dashboard/vendor/laravel/framework/src/Illuminate/Routing/Controller.php(54): App/Http/Controllers/BlogController->index()
#12 C:/Users/hp/Downloads/blog-dashboard/vendor/laravel/framework/src/Illuminate/Routing/ControllerDispatcher.php(43): Illuminate/Routing/Controller->callAction('index', Array)
#13 C:/Users/hp/Downloads/blog-dashboard/vendor/laravel/framework/src/Illuminate/Routing/Route.php(259): Illuminate/Routing/ControllerDispatcher->dispatch(Object(Illuminate/Routing/Route), Object(App/Http/Controllers/BlogController), 'index')
#14 C:/Users/hp/Downloads/blog-dashboard/vendor/laravel/framework/src/Illuminate/Routing/Route.php(205): Illuminate/Routing/Route->runController()
#15 C:/Users/hp/Downloads/blog-dashboard/vendor/laravel/framework/src/Illuminate/Routing/Router.php(806): Illuminate/Routing/Route->run()
#16 C:/Users/hp/Downloads/blog-dashboard/vendor/laravel/framework/src/Illuminate/Pipeline/Pipeline.php(144): Illuminate/Routing/Router->Illuminate/Routing/{closure}(Object(Illuminate/Http/Request))
#17 C:/Users/hp/Downloads/blog-dashboard/vendor/laravel/framework/src/Illuminate/Routing/Middleware/SubstituteBindings.php(50): Illuminate/Pipeline/Pipeline->Illuminate/Pipeline/{closure}(Object(Illuminate/Http/Request))
#18 C:/Users/hp/Downloads/blog-dashboard/vendor/laravel/framework/src/Illuminate/Pipeline/Pipeline.php(183): Illuminate/Routing/Middleware/SubstituteBindings->handle(Object(Illuminate/Http/Request), Object(Closure))
#19 C:/Users/hp/Downloads/blog-dashboard/vendor/laravel/framework/src/Illuminate/Foundation/Http/Middleware/VerifyCsrfToken.php(78): Illuminate/Pipeline/Pipeline->Illuminate/Pipeline/{closure}(Object(Illuminate/Http/Request))
#20 C:/Users/hp/Downloads/blog-dashboard/vendor/laravel/framework/src/Illuminate/Pipeline/Pipeline.php(183): Illuminate/Foundation/Http/Middleware/VerifyCsrfToken->handle(Object(Illuminate/Http/Request), Object(Closure))
#21 C:/Users/hp/Downloads/blog-dashboard/vendor/laravel/framework/src/Illuminate/View/Middleware/ShareErrorsFromSession.php(49): Illuminate/Pipeline/Pipeline->Illuminate/Pipeline/{closure}(Object(Illuminate/Http/Request))
#22 C:/Users/hp/Downloads/blog-dashboard/vendor/laravel/framework/src/Illuminate/Pipeline/Pipeline.php(183): Illuminate/View/Middleware/ShareErrorsFromSession->handle(Object(Illuminate/Http/Request), Object(Closure))
#23 C:/Users/hp/Downloads/blog-dashboard/vendor/laravel/framework/src/Illuminate/Session/Middleware/StartSession.php(121): Illuminate/Pipeline/Pipeline->Illuminate/Pipeline/{closure}(Object(Illuminate/Http/Request))
#24 C:/Users/hp/Downloads/blog-dashboard/vendor/laravel/framework/src/Illuminate/Session/Middleware/StartSession.php(64): Illuminate/Session/Middleware/StartSession->handleStatefulRequest(Object(Illuminate/Http/Request), Object(Illuminate/Session/Store), Object(Closure))
#25 C:/Users/hp/Downloads/blog-dashboard/vendor/laravel/framework/src/Illuminate/Pipeline/Pipeline.php(183): Illuminate/Session/Middleware/StartSession->handle(Object(Illuminate/Http/Request), Object(Closure))
#26 C:/Users/hp/Downloads/blog-dashboard/vendor/laravel/framework/src/Illuminate/Cookie/Middleware/AddQueuedCookiesToResponse.php(37): Illuminate/Pipeline/Pipeline->Illuminate/Pipeline/{closure}(Object(Illuminate/Http/Request))
#27 C:/Users/hp/Downloads/blog-dashboard/vendor/laravel/framework/src/Illuminate/Pipeline/Pipeline.php(183): Illuminate/Cookie/Middleware/AddQueuedCookiesToResponse->handle(Object(Illuminate/Http/Request), Object(Closure))
#28 C:/Users/hp/Downloads/blog-dashboard/vendor/laravel/framework/src/Illuminate/Cookie/Middleware/EncryptCookies.php(67): Illuminate/Pipeline/Pipeline->Illuminate/Pipeline/{closure}(Object(Illuminate/Http/Request))
#29 C:/Users/hp/Downloads/blog-dashboard/vendor/laravel/framework/src/Illuminate/Pipeline/Pipeline.php(183): Illuminate/Cookie/Middleware/EncryptCookies->handle(Object(Illuminate/Http/Request), Object(Closure))
#30 C:/Users/hp/Downloads/blog-dashboard/vendor/laravel/framework/src/Illuminate/Pipeline/Pipeline.php(119): Illuminate/Pipeline/Pipeline->Illuminate/Pipeline/{closure}(Object(Illuminate/Http/Request))
#31 C:/Users/hp/Downloads/blog-dashboard/vendor/laravel/framework/src/Illuminate/Routing/Router.php(805): Illuminate/Pipeline/Pipeline->then(Object(Closure))
#32 C:/Users/hp/Downloads/blog-dashboard/vendor/laravel/framework/src/Illuminate/Routing/Router.php(784): Illuminate/Routing/Router->runRouteWithinStack(Object(Illuminate/Routing/Route), Object(Illuminate/Http/Request))
#33 C:/Users/hp/Downloads/blog-dashboard/vendor/laravel/framework/src/Illuminate/Routing/Router.php(748): Illuminate/Routing/Router->runRoute(Object(Illuminate/Http/Request), Object(Illuminate/Routing/Route))
#34 C:/Users/hp/Downloads/blog-dashboard/vendor/laravel/framework/src/Illuminate/Routing/Router.php(737): Illuminate/Routing/Router->dispatchToRoute(Object(Illuminate/Http/Request))
#35 C:/Users/hp/Downloads/blog-dashboard/vendor/laravel/framework/src/Illuminate/Foundation/Http/Kernel.php(200): Illuminate/Routing/Router->dispatch(Object(Illuminate/Http/Request))
#36 C:/Users/hp/Downloads/blog-dashboard/vendor/laravel/framework/src/Illuminate/Pipeline/Pipeline.php(144): Illuminate/Foundation/Http/Kernel->Illuminate/Foundation/Http/{closure}(Object(Illuminate/Http/Request))
#37 C:/Users/hp/Downloads/blog-dashboard/vendor/laravel/framework/src/Illuminate/Foundation/Http/Middleware/TransformsRequest.php(21): Illuminate/Pipeline/Pipeline->Illuminate/Pipeline/{closure}(Object(Illuminate/Http/Request))
#38 C:/Users/hp/Downloads/blog-dashboard/vendor/laravel/framework/src/Illuminate/Foundation/Http/Middleware/ConvertEmptyStringsToNull.php(31): Illuminate/Foundation/Http/Middleware/TransformsRequest->handle(Object(Illuminate/Http/Request), Object(Closure))
#39 C:/Users/hp/Downloads/blog-dashboard/vendor/laravel/framework/src/Illuminate/Pipeline/Pipeline.php(183): Illuminate/Foundation/Http/Middleware/ConvertEmptyStringsToNull->handle(Object(Illuminate/Http/Request), Object(Closure))
#40 C:/Users/hp/Downloads/blog-dashboard/vendor/laravel/framework/src/Illuminate/Foundation/Http/Middleware/TransformsRequest.php(21): Illuminate/Pipeline/Pipeline->Illuminate/Pipeline/{closure}(Object(Illuminate/Http/Request))
#41 C:/Users/hp/Downloads/blog-dashboard/vendor/laravel/framework/src/Illuminate/Foundation/Http/Middleware/TrimStrings.php(40): Illuminate/Foundation/Http/Middleware/TransformsRequest->handle(Object(Illuminate/Http/Request), Object(Closure))
#42 C:/Users/hp/Downloads/blog-dashboard/vendor/laravel/framework/src/Illuminate/Pipeline/Pipeline.php(183): Illuminate/Foundation/Http/Middleware/TrimStrings->handle(Object(Illuminate/Http/Request), Object(Closure))
#43 C:/Users/hp/Downloads/blog-dashboard/vendor/laravel/framework/src/Illuminate/Foundation/Http/Middleware/ValidatePostSize.php(27): Illuminate/Pipeline/Pipeline->Illuminate/Pipeline/{closure}(Object(Illuminate/Http/Request))
#44 C:/Users/hp/Downloads/blog-dashboard/vendor/laravel/framework/src/Illuminate/Pipeline/Pipeline.php(183): Illuminate/Foundation/Http/Middleware/ValidatePostSize->handle(Object(Illuminate/Http/Request), Object(Closure))
#45 C:/Users/hp/Downloads/blog-dashboard/vendor/laravel/framework/src/Illuminate/Foundation/Http/Middleware/PreventRequestsDuringMaintenance.php(99): Illuminate/Pipeline/Pipeline->Illuminate/Pipeline/{closure}(Object(Illuminate/Http/Request))
#46 C:/Users/hp/Downloads/blog-dashboard/vendor/laravel/framework/src/Illuminate/Pipeline/Pipeline.php(183): Illuminate/Foundation/Http/Middleware/PreventRequestsDuringMaintenance->handle(Object(Illuminate/Http/Request), Object(Closure))
#47 C:/Users/hp/Downloads/blog-dashboard/vendor/laravel/framework/src/Illuminate/Http/Middleware/HandleCors.php(49): Illuminate/Pipeline/Pipeline->Illuminate/Pipeline/{closure}(Object(Illuminate/Http/Request))
#48 C:/Users/hp/Downloads/blog-dashboard/vendor/laravel/framework/src/Illuminate/Pipeline/Pipeline.php(183): Illuminate/Http/Middleware/HandleCors->handle(Object(Illuminate/Http/Request), Object(Closure))
#49 C:/Users/hp/Downloads/blog-dashboard/vendor/laravel/framework/src/Illuminate/Http/Middleware/TrustProxies.php(39): Illuminate/Pipeline/Pipeline->Illuminate/Pipeline/{closure}(Object(Illuminate/Http/Request))
#50 C:/Users/hp/Downloads/blog-dashboard/vendor/laravel/framework/src/Illuminate/Pipeline/Pipeline.php(183): Illuminate/Http/Middleware/TrustProxies->handle(Object(Illuminate/Http/Request), Object(Closure))
#51 C:/Users/hp/Downloads/blog-dashboard/vendor/laravel/framework/src/Illuminate/Pipeline/Pipeline.php(119): Illuminate/Pipeline/Pipeline->Illuminate/Pipeline/{closure}(Object(Illuminate/Http/Request))
#52 C:/Users/hp/Downloads/blog-dashboard/vendor/laravel/framework/src/Illuminate/Foundation/Http/Kernel.php(175): Illuminate/Pipeline/Pipeline->then(Object(Closure))
#53 C:/Users/hp/Downloads/blog-dashboard/vendor/laravel/framework/src/Illuminate/Foundation/Http/Kernel.php(144): Illuminate/Foundation/Http/Kernel->sendRequestThroughRouter(Object(Illuminate/Http/Request))
#54 C:/Users/hp/Downloads/blog-dashboard/public/index.php(36): Illuminate/Foundation/Http/Kernel->handle(Object(Illuminate/Http/Request))
#55 C:/Users/hp/Downloads/blog-dashboard/server.php(21): require_once('C://Users//hp//Dow...')
#56 {main}
"} 
[2026-06-11 11:57:01] local.ERROR: Database connection [sqlite] not configured. {"exception":"[object] (InvalidArgumentException(code: 0): Database connection [sqlite] not configured. at C:/Users/hp/Downloads/blog-dashboard/vendor/laravel/framework/src/Illuminate/Database/DatabaseManager.php:196)
[stacktrace]
#0 C:/Users/hp/Downloads/blog-dashboard/vendor/laravel/framework/src/Illuminate/Database/DatabaseManager.php(159): Illuminate/Database/DatabaseManager->configuration('sqlite')
#1 C:/Users/hp/Downloads/blog-dashboard/vendor/laravel/framework/src/Illuminate/Database/DatabaseManager.php(101): Illuminate/Database/DatabaseManager->makeConnection('sqlite')
#2 C:/Users/hp/Downloads/blog-dashboard/vendor/laravel/framework/src/Illuminate/Database/Eloquent/Model.php(1820): Illuminate/Database/DatabaseManager->connection('sqlite')
#3 C:/Users/hp/Downloads/blog-dashboard/vendor/laravel/framework/src/Illuminate/Database/Eloquent/Model.php(1786): Illuminate/Database/Eloquent/Model::resolveConnection(NULL)
#4 C:/Users/hp/Downloads/blog-dashboard/vendor/laravel/framework/src/Illuminate/Database/Eloquent/Model.php(1577): Illuminate/Database/Eloquent/Model->getConnection()
#5 C:/Users/hp/Downloads/blog-dashboard/vendor/laravel/framework/src/Illuminate/Database/Eloquent/Model.php(1496): Illuminate/Database/Eloquent/Model->newBaseQueryBuilder()
#6 C:/Users/hp/Downloads/blog-dashboard/vendor/laravel/framework/src/Illuminate/Database/Eloquent/Model.php(1532): Illuminate/Database/Eloquent/Model->newModelQuery()
#7 C:/Users/hp/Downloads/blog-dashboard/vendor/laravel/framework/src/Illuminate/Database/Eloquent/Model.php(1485): Illuminate/Database/Eloquent/Model->newQueryWithoutScopes()
#8 C:/Users/hp/Downloads/blog-dashboard/vendor/laravel/framework/src/Illuminate/Database/Eloquent/Model.php(1475): Illuminate/Database/Eloquent/Model->newQuery()
#9 C:/Users/hp/Downloads/blog-dashboard/vendor/laravel/framework/src/Illuminate/Database/Eloquent/Model.php(688): Illuminate/Database/Eloquent/Model::query()
#10 C:/Users/hp/Downloads/blog-dashboard/app/Http/Controllers/BlogController.php(16): Illuminate/Database/Eloquent/Model::with('category')
#11 C:/Users/hp/Downloads/blog-dashboard/vendor/laravel/framework/src/Illuminate/Routing/Controller.php(54): App/Http/Controllers/BlogController->index()
#12 C:/Users/hp/Downloads/blog-dashboard/vendor/laravel/framework/src/Illuminate/Routing/ControllerDispatcher.php(43): Illuminate/Routing/Controller->callAction('index', Array)
#13 C:/Users/hp/Downloads/blog-dashboard/vendor/laravel/framework/src/Illuminate/Routing/Route.php(259): Illuminate/Routing/ControllerDispatcher->dispatch(Object(Illuminate/Routing/Route), Object(App/Http/Controllers/BlogController), 'index')
#14 C:/Users/hp/Downloads/blog-dashboard/vendor/laravel/framework/src/Illuminate/Routing/Route.php(205): Illuminate/Routing/Route->runController()
#15 C:/Users/hp/Downloads/blog-dashboard/vendor/laravel/framework/src/Illuminate/Routing/Router.php(806): Illuminate/Routing/Route->run()
#16 C:/Users/hp/Downloads/blog-dashboard/vendor/laravel/framework/src/Illuminate/Pipeline/Pipeline.php(144): Illuminate/Routing/Router->Illuminate/Routing/{closure}(Object(Illuminate/Http/Request))
#17 C:/Users/hp/Downloads/blog-dashboard/vendor/laravel/framework/src/Illuminate/Routing/Middleware/SubstituteBindings.php(50): Illuminate/Pipeline/Pipeline->Illuminate/Pipeline/{closure}(Object(Illuminate/Http/Request))
#18 C:/Users/hp/Downloads/blog-dashboard/vendor/laravel/framework/src/Illuminate/Pipeline/Pipeline.php(183): Illuminate/Routing/Middleware/SubstituteBindings->handle(Object(Illuminate/Http/Request), Object(Closure))
#19 C:/Users/hp/Downloads/blog-dashboard/vendor/laravel/framework/src/Illuminate/Foundation/Http/Middleware/VerifyCsrfToken.php(78): Illuminate/Pipeline/Pipeline->Illuminate/Pipeline/{closure}(Object(Illuminate/Http/Request))
#20 C:/Users/hp/Downloads/blog-dashboard/vendor/laravel/framework/src/Illuminate/Pipeline/Pipeline.php(183): Illuminate/Foundation/Http/Middleware/VerifyCsrfToken->handle(Object(Illuminate/Http/Request), Object(Closure))
#21 C:/Users/hp/Downloads/blog-dashboard/vendor/laravel/framework/src/Illuminate/View/Middleware/ShareErrorsFromSession.php(49): Illuminate/Pipeline/Pipeline->Illuminate/Pipeline/{closure}(Object(Illuminate/Http/Request))
#22 C:/Users/hp/Downloads/blog-dashboard/vendor/laravel/framework/src/Illuminate/Pipeline/Pipeline.php(183): Illuminate/View/Middleware/ShareErrorsFromSession->handle(Object(Illuminate/Http/Request), Object(Closure))
#23 C:/Users/hp/Downloads/blog-dashboard/vendor/laravel/framework/src/Illuminate/Session/Middleware/StartSession.php(121): Illuminate/Pipeline/Pipeline->Illuminate/Pipeline/{closure}(Object(Illuminate/Http/Request))
#24 C:/Users/hp/Downloads/blog-dashboard/vendor/laravel/framework/src/Illuminate/Session/Middleware/StartSession.php(64): Illuminate/Session/Middleware/StartSession->handleStatefulRequest(Object(Illuminate/Http/Request), Object(Illuminate/Session/Store), Object(Closure))
#25 C:/Users/hp/Downloads/blog-dashboard/vendor/laravel/framework/src/Illuminate/Pipeline/Pipeline.php(183): Illuminate/Session/Middleware/StartSession->handle(Object(Illuminate/Http/Request), Object(Closure))
#26 C:/Users/hp/Downloads/blog-dashboard/vendor/laravel/framework/src/Illuminate/Cookie/Middleware/AddQueuedCookiesToResponse.php(37): Illuminate/Pipeline/Pipeline->Illuminate/Pipeline/{closure}(Object(Illuminate/Http/Request))
#27 C:/Users/hp/Downloads/blog-dashboard/vendor/laravel/framework/src/Illuminate/Pipeline/Pipeline.php(183): Illuminate/Cookie/Middleware/AddQueuedCookiesToResponse->handle(Object(Illuminate/Http/Request), Object(Closure))
#28 C:/Users/hp/Downloads/blog-dashboard/vendor/laravel/framework/src/Illuminate/Cookie/Middleware/EncryptCookies.php(67): Illuminate/Pipeline/Pipeline->Illuminate/Pipeline/{closure}(Object(Illuminate/Http/Request))
#29 C:/Users/hp/Downloads/blog-dashboard/vendor/laravel/framework/src/Illuminate/Pipeline/Pipeline.php(183): Illuminate/Cookie/Middleware/EncryptCookies->handle(Object(Illuminate/Http/Request), Object(Closure))
#30 C:/Users/hp/Downloads/blog-dashboard/vendor/laravel/framework/src/Illuminate/Pipeline/Pipeline.php(119): Illuminate/Pipeline/Pipeline->Illuminate/Pipeline/{closure}(Object(Illuminate/Http/Request))
#31 C:/Users/hp/Downloads/blog-dashboard/vendor/laravel/framework/src/Illuminate/Routing/Router.php(805): Illuminate/Pipeline/Pipeline->then(Object(Closure))
#32 C:/Users/hp/Downloads/blog-dashboard/vendor/laravel/framework/src/Illuminate/Routing/Router.php(784): Illuminate/Routing/Router->runRouteWithinStack(Object(Illuminate/Routing/Route), Object(Illuminate/Http/Request))
#33 C:/Users/hp/Downloads/blog-dashboard/vendor/laravel/framework/src/Illuminate/Routing/Router.php(748): Illuminate/Routing/Router->runRoute(Object(Illuminate/Http/Request), Object(Illuminate/Routing/Route))
#34 C:/Users/hp/Downloads/blog-dashboard/vendor/laravel/framework/src/Illuminate/Routing/Router.php(737): Illuminate/Routing/Router->dispatchToRoute(Object(Illuminate/Http/Request))
#35 C:/Users/hp/Downloads/blog-dashboard/vendor/laravel/framework/src/Illuminate/Foundation/Http/Kernel.php(200): Illuminate/Routing/Router->dispatch(Object(Illuminate/Http/Request))
#36 C:/Users/hp/Downloads/blog-dashboard/vendor/laravel/framework/src/Illuminate/Pipeline/Pipeline.php(144): Illuminate/Foundation/Http/Kernel->Illuminate/Foundation/Http/{closure}(Object(Illuminate/Http/Request))
#37 C:/Users/hp/Downloads/blog-dashboard/vendor/laravel/framework/src/Illuminate/Foundation/Http/Middleware/TransformsRequest.php(21): Illuminate/Pipeline/Pipeline->Illuminate/Pipeline/{closure}(Object(Illuminate/Http/Request))
#38 C:/Users/hp/Downloads/blog-dashboard/vendor/laravel/framework/src/Illuminate/Foundation/Http/Middleware/ConvertEmptyStringsToNull.php(31): Illuminate/Foundation/Http/Middleware/TransformsRequest->handle(Object(Illuminate/Http/Request), Object(Closure))
#39 C:/Users/hp/Downloads/blog-dashboard/vendor/laravel/framework/src/Illuminate/Pipeline/Pipeline.php(183): Illuminate/Foundation/Http/Middleware/ConvertEmptyStringsToNull->handle(Object(Illuminate/Http/Request), Object(Closure))
#40 C:/Users/hp/Downloads/blog-dashboard/vendor/laravel/framework/src/Illuminate/Foundation/Http/Middleware/TransformsRequest.php(21): Illuminate/Pipeline/Pipeline->Illuminate/Pipeline/{closure}(Object(Illuminate/Http/Request))
#41 C:/Users/hp/Downloads/blog-dashboard/vendor/laravel/framework/src/Illuminate/Foundation/Http/Middleware/TrimStrings.php(40): Illuminate/Foundation/Http/Middleware/TransformsRequest->handle(Object(Illuminate/Http/Request), Object(Closure))
#42 C:/Users/hp/Downloads/blog-dashboard/vendor/laravel/framework/src/Illuminate/Pipeline/Pipeline.php(183): Illuminate/Foundation/Http/Middleware/TrimStrings->handle(Object(Illuminate/Http/Request), Object(Closure))
#43 C:/Users/hp/Downloads/blog-dashboard/vendor/laravel/framework/src/Illuminate/Foundation/Http/Middleware/ValidatePostSize.php(27): Illuminate/Pipeline/Pipeline->Illuminate/Pipeline/{closure}(Object(Illuminate/Http/Request))
#44 C:/Users/hp/Downloads/blog-dashboard/vendor/laravel/framework/src/Illuminate/Pipeline/Pipeline.php(183): Illuminate/Foundation/Http/Middleware/ValidatePostSize->handle(Object(Illuminate/Http/Request), Object(Closure))
#45 C:/Users/hp/Downloads/blog-dashboard/vendor/laravel/framework/src/Illuminate/Foundation/Http/Middleware/PreventRequestsDuringMaintenance.php(99): Illuminate/Pipeline/Pipeline->Illuminate/Pipeline/{closure}(Object(Illuminate/Http/Request))
#46 C:/Users/hp/Downloads/blog-dashboard/vendor/laravel/framework/src/Illuminate/Pipeline/Pipeline.php(183): Illuminate/Foundation/Http/Middleware/PreventRequestsDuringMaintenance->handle(Object(Illuminate/Http/Request), Object(Closure))
#47 C:/Users/hp/Downloads/blog-dashboard/vendor/laravel/framework/src/Illuminate/Http/Middleware/HandleCors.php(49): Illuminate/Pipeline/Pipeline->Illuminate/Pipeline/{closure}(Object(Illuminate/Http/Request))
#48 C:/Users/hp/Downloads/blog-dashboard/vendor/laravel/framework/src/Illuminate/Pipeline/Pipeline.php(183): Illuminate/Http/Middleware/HandleCors->handle(Object(Illuminate/Http/Request), Object(Closure))
#49 C:/Users/hp/Downloads/blog-dashboard/vendor/laravel/framework/src/Illuminate/Http/Middleware/TrustProxies.php(39): Illuminate/Pipeline/Pipeline->Illuminate/Pipeline/{closure}(Object(Illuminate/Http/Request))
#50 C:/Users/hp/Downloads/blog-dashboard/vendor/laravel/framework/src/Illuminate/Pipeline/Pipeline.php(183): Illuminate/Http/Middleware/TrustProxies->handle(Object(Illuminate/Http/Request), Object(Closure))
#51 C:/Users/hp/Downloads/blog-dashboard/vendor/laravel/framework/src/Illuminate/Pipeline/Pipeline.php(119): Illuminate/Pipeline/Pipeline->Illuminate/Pipeline/{closure}(Object(Illuminate/Http/Request))
#52 C:/Users/hp/Downloads/blog-dashboard/vendor/laravel/framework/src/Illuminate/Foundation/Http/Kernel.php(175): Illuminate/Pipeline/Pipeline->then(Object(Closure))
#53 C:/Users/hp/Downloads/blog-dashboard/vendor/laravel/framework/src/Illuminate/Foundation/Http/Kernel.php(144): Illuminate/Foundation/Http/Kernel->sendRequestThroughRouter(Object(Illuminate/Http/Request))
#54 C:/Users/hp/Downloads/blog-dashboard/public/index.php(36): Illuminate/Foundation/Http/Kernel->handle(Object(Illuminate/Http/Request))
#55 C:/Users/hp/Downloads/blog-dashboard/server.php(21): require_once('C://Users//hp//Dow...')
#56 {main}
"} 
[2026-06-11 11:57:05] local.ERROR: Database connection [sqlite] not configured. {"exception":"[object] (InvalidArgumentException(code: 0): Database connection [sqlite] not configured. at C:/Users/hp/Downloads/blog-dashboard/vendor/laravel/framework/src/Illuminate/Database/DatabaseManager.php:196)
[stacktrace]
#0 C:/Users/hp/Downloads/blog-dashboard/vendor/laravel/framework/src/Illuminate/Database/DatabaseManager.php(159): Illuminate/Database/DatabaseManager->configuration('sqlite')
#1 C:/Users/hp/Downloads/blog-dashboard/vendor/laravel/framework/src/Illuminate/Database/DatabaseManager.php(101): Illuminate/Database/DatabaseManager->makeConnection('sqlite')
#2 C:/Users/hp/Downloads/blog-dashboard/vendor/laravel/framework/src/Illuminate/Database/Eloquent/Model.php(1820): Illuminate/Database/DatabaseManager->connection('sqlite')
#3 C:/Users/hp/Downloads/blog-dashboard/vendor/laravel/framework/src/Illuminate/Database/Eloquent/Model.php(1786): Illuminate/Database/Eloquent/Model::resolveConnection(NULL)
#4 C:/Users/hp/Downloads/blog-dashboard/vendor/laravel/framework/src/Illuminate/Database/Eloquent/Model.php(1577): Illuminate/Database/Eloquent/Model->getConnection()
#5 C:/Users/hp/Downloads/blog-dashboard/vendor/laravel/framework/src/Illuminate/Database/Eloquent/Model.php(1496): Illuminate/Database/Eloquent/Model->newBaseQueryBuilder()
#6 C:/Users/hp/Downloads/blog-dashboard/vendor/laravel/framework/src/Illuminate/Database/Eloquent/Model.php(1532): Illuminate/Database/Eloquent/Model->newModelQuery()
#7 C:/Users/hp/Downloads/blog-dashboard/vendor/laravel/framework/src/Illuminate/Database/Eloquent/Model.php(1485): Illuminate/Database/Eloquent/Model->newQueryWithoutScopes()
#8 C:/Users/hp/Downloads/blog-dashboard/vendor/laravel/framework/src/Illuminate/Database/Eloquent/Model.php(1475): Illuminate/Database/Eloquent/Model->newQuery()
#9 C:/Users/hp/Downloads/blog-dashboard/vendor/laravel/framework/src/Illuminate/Database/Eloquent/Model.php(688): Illuminate/Database/Eloquent/Model::query()
#10 C:/Users/hp/Downloads/blog-dashboard/app/Http/Controllers/BlogController.php(16): Illuminate/Database/Eloquent/Model::with('category')
#11 C:/Users/hp/Downloads/blog-dashboard/vendor/laravel/framework/src/Illuminate/Routing/Controller.php(54): App/Http/Controllers/BlogController->index()
#12 C:/Users/hp/Downloads/blog-dashboard/vendor/laravel/framework/src/Illuminate/Routing/ControllerDispatcher.php(43): Illuminate/Routing/Controller->callAction('index', Array)
#13 C:/Users/hp/Downloads/blog-dashboard/vendor/laravel/framework/src/Illuminate/Routing/Route.php(259): Illuminate/Routing/ControllerDispatcher->dispatch(Object(Illuminate/Routing/Route), Object(App/Http/Controllers/BlogController), 'index')
#14 C:/Users/hp/Downloads/blog-dashboard/vendor/laravel/framework/src/Illuminate/Routing/Route.php(205): Illuminate/Routing/Route->runController()
#15 C:/Users/hp/Downloads/blog-dashboard/vendor/laravel/framework/src/Illuminate/Routing/Router.php(806): Illuminate/Routing/Route->run()
#16 C:/Users/hp/Downloads/blog-dashboard/vendor/laravel/framework/src/Illuminate/Pipeline/Pipeline.php(144): Illuminate/Routing/Router->Illuminate/Routing/{closure}(Object(Illuminate/Http/Request))
#17 C:/Users/hp/Downloads/blog-dashboard/vendor/laravel/framework/src/Illuminate/Routing/Middleware/SubstituteBindings.php(50): Illuminate/Pipeline/Pipeline->Illuminate/Pipeline/{closure}(Object(Illuminate/Http/Request))
#18 C:/Users/hp/Downloads/blog-dashboard/vendor/laravel/framework/src/Illuminate/Pipeline/Pipeline.php(183): Illuminate/Routing/Middleware/SubstituteBindings->handle(Object(Illuminate/Http/Request), Object(Closure))
#19 C:/Users/hp/Downloads/blog-dashboard/vendor/laravel/framework/src/Illuminate/Foundation/Http/Middleware/VerifyCsrfToken.php(78): Illuminate/Pipeline/Pipeline->Illuminate/Pipeline/{closure}(Object(Illuminate/Http/Request))
#20 C:/Users/hp/Downloads/blog-dashboard/vendor/laravel/framework/src/Illuminate/Pipeline/Pipeline.php(183): Illuminate/Foundation/Http/Middleware/VerifyCsrfToken->handle(Object(Illuminate/Http/Request), Object(Closure))
#21 C:/Users/hp/Downloads/blog-dashboard/vendor/laravel/framework/src/Illuminate/View/Middleware/ShareErrorsFromSession.php(49): Illuminate/Pipeline/Pipeline->Illuminate/Pipeline/{closure}(Object(Illuminate/Http/Request))
#22 C:/Users/hp/Downloads/blog-dashboard/vendor/laravel/framework/src/Illuminate/Pipeline/Pipeline.php(183): Illuminate/View/Middleware/ShareErrorsFromSession->handle(Object(Illuminate/Http/Request), Object(Closure))
#23 C:/Users/hp/Downloads/blog-dashboard/vendor/laravel/framework/src/Illuminate/Session/Middleware/StartSession.php(121): Illuminate/Pipeline/Pipeline->Illuminate/Pipeline/{closure}(Object(Illuminate/Http/Request))
#24 C:/Users/hp/Downloads/blog-dashboard/vendor/laravel/framework/src/Illuminate/Session/Middleware/StartSession.php(64): Illuminate/Session/Middleware/StartSession->handleStatefulRequest(Object(Illuminate/Http/Request), Object(Illuminate/Session/Store), Object(Closure))
#25 C:/Users/hp/Downloads/blog-dashboard/vendor/laravel/framework/src/Illuminate/Pipeline/Pipeline.php(183): Illuminate/Session/Middleware/StartSession->handle(Object(Illuminate/Http/Request), Object(Closure))
#26 C:/Users/hp/Downloads/blog-dashboard/vendor/laravel/framework/src/Illuminate/Cookie/Middleware/AddQueuedCookiesToResponse.php(37): Illuminate/Pipeline/Pipeline->Illuminate/Pipeline/{closure}(Object(Illuminate/Http/Request))
#27 C:/Users/hp/Downloads/blog-dashboard/vendor/laravel/framework/src/Illuminate/Pipeline/Pipeline.php(183): Illuminate/Cookie/Middleware/AddQueuedCookiesToResponse->handle(Object(Illuminate/Http/Request), Object(Closure))
#28 C:/Users/hp/Downloads/blog-dashboard/vendor/laravel/framework/src/Illuminate/Cookie/Middleware/EncryptCookies.php(67): Illuminate/Pipeline/Pipeline->Illuminate/Pipeline/{closure}(Object(Illuminate/Http/Request))
#29 C:/Users/hp/Downloads/blog-dashboard/vendor/laravel/framework/src/Illuminate/Pipeline/Pipeline.php(183): Illuminate/Cookie/Middleware/EncryptCookies->handle(Object(Illuminate/Http/Request), Object(Closure))
#30 C:/Users/hp/Downloads/blog-dashboard/vendor/laravel/framework/src/Illuminate/Pipeline/Pipeline.php(119): Illuminate/Pipeline/Pipeline->Illuminate/Pipeline/{closure}(Object(Illuminate/Http/Request))
#31 C:/Users/hp/Downloads/blog-dashboard/vendor/laravel/framework/src/Illuminate/Routing/Router.php(805): Illuminate/Pipeline/Pipeline->then(Object(Closure))
#32 C:/Users/hp/Downloads/blog-dashboard/vendor/laravel/framework/src/Illuminate/Routing/Router.php(784): Illuminate/Routing/Router->runRouteWithinStack(Object(Illuminate/Routing/Route), Object(Illuminate/Http/Request))
#33 C:/Users/hp/Downloads/blog-dashboard/vendor/laravel/framework/src/Illuminate/Routing/Router.php(748): Illuminate/Routing/Router->runRoute(Object(Illuminate/Http/Request), Object(Illuminate/Routing/Route))
#34 C:/Users/hp/Downloads/blog-dashboard/vendor/laravel/framework/src/Illuminate/Routing/Router.php(737): Illuminate/Routing/Router->dispatchToRoute(Object(Illuminate/Http/Request))
#35 C:/Users/hp/Downloads/blog-dashboard/vendor/laravel/framework/src/Illuminate/Foundation/Http/Kernel.php(200): Illuminate/Routing/Router->dispatch(Object(Illuminate/Http/Request))
#36 C:/Users/hp/Downloads/blog-dashboard/vendor/laravel/framework/src/Illuminate/Pipeline/Pipeline.php(144): Illuminate/Foundation/Http/Kernel->Illuminate/Foundation/Http/{closure}(Object(Illuminate/Http/Request))
#37 C:/Users/hp/Downloads/blog-dashboard/vendor/laravel/framework/src/Illuminate/Foundation/Http/Middleware/TransformsRequest.php(21): Illuminate/Pipeline/Pipeline->Illuminate/Pipeline/{closure}(Object(Illuminate/Http/Request))
#38 C:/Users/hp/Downloads/blog-dashboard/vendor/laravel/framework/src/Illuminate/Foundation/Http/Middleware/ConvertEmptyStringsToNull.php(31): Illuminate/Foundation/Http/Middleware/TransformsRequest->handle(Object(Illuminate/Http/Request), Object(Closure))
#39 C:/Users/hp/Downloads/blog-dashboard/vendor/laravel/framework/src/Illuminate/Pipeline/Pipeline.php(183): Illuminate/Foundation/Http/Middleware/ConvertEmptyStringsToNull->handle(Object(Illuminate/Http/Request), Object(Closure))
#40 C:/Users/hp/Downloads/blog-dashboard/vendor/laravel/framework/src/Illuminate/Foundation/Http/Middleware/TransformsRequest.php(21): Illuminate/Pipeline/Pipeline->Illuminate/Pipeline/{closure}(Object(Illuminate/Http/Request))
#41 C:/Users/hp/Downloads/blog-dashboard/vendor/laravel/framework/src/Illuminate/Foundation/Http/Middleware/TrimStrings.php(40): Illuminate/Foundation/Http/Middleware/TransformsRequest->handle(Object(Illuminate/Http/Request), Object(Closure))
#42 C:/Users/hp/Downloads/blog-dashboard/vendor/laravel/framework/src/Illuminate/Pipeline/Pipeline.php(183): Illuminate/Foundation/Http/Middleware/TrimStrings->handle(Object(Illuminate/Http/Request), Object(Closure))
#43 C:/Users/hp/Downloads/blog-dashboard/vendor/laravel/framework/src/Illuminate/Foundation/Http/Middleware/ValidatePostSize.php(27): Illuminate/Pipeline/Pipeline->Illuminate/Pipeline/{closure}(Object(Illuminate/Http/Request))
#44 C:/Users/hp/Downloads/blog-dashboard/vendor/laravel/framework/src/Illuminate/Pipeline/Pipeline.php(183): Illuminate/Foundation/Http/Middleware/ValidatePostSize->handle(Object(Illuminate/Http/Request), Object(Closure))
#45 C:/Users/hp/Downloads/blog-dashboard/vendor/laravel/framework/src/Illuminate/Foundation/Http/Middleware/PreventRequestsDuringMaintenance.php(99): Illuminate/Pipeline/Pipeline->Illuminate/Pipeline/{closure}(Object(Illuminate/Http/Request))
#46 C:/Users/hp/Downloads/blog-dashboard/vendor/laravel/framework/src/Illuminate/Pipeline/Pipeline.php(183): Illuminate/Foundation/Http/Middleware/PreventRequestsDuringMaintenance->handle(Object(Illuminate/Http/Request), Object(Closure))
#47 C:/Users/hp/Downloads/blog-dashboard/vendor/laravel/framework/src/Illuminate/Http/Middleware/HandleCors.php(49): Illuminate/Pipeline/Pipeline->Illuminate/Pipeline/{closure}(Object(Illuminate/Http/Request))
#48 C:/Users/hp/Downloads/blog-dashboard/vendor/laravel/framework/src/Illuminate/Pipeline/Pipeline.php(183): Illuminate/Http/Middleware/HandleCors->handle(Object(Illuminate/Http/Request), Object(Closure))
#49 C:/Users/hp/Downloads/blog-dashboard/vendor/laravel/framework/src/Illuminate/Http/Middleware/TrustProxies.php(39): Illuminate/Pipeline/Pipeline->Illuminate/Pipeline/{closure}(Object(Illuminate/Http/Request))
#50 C:/Users/hp/Downloads/blog-dashboard/vendor/laravel/framework/src/Illuminate/Pipeline/Pipeline.php(183): Illuminate/Http/Middleware/TrustProxies->handle(Object(Illuminate/Http/Request), Object(Closure))
#51 C:/Users/hp/Downloads/blog-dashboard/vendor/laravel/framework/src/Illuminate/Pipeline/Pipeline.php(119): Illuminate/Pipeline/Pipeline->Illuminate/Pipeline/{closure}(Object(Illuminate/Http/Request))
#52 C:/Users/hp/Downloads/blog-dashboard/vendor/laravel/framework/src/Illuminate/Foundation/Http/Kernel.php(175): Illuminate/Pipeline/Pipeline->then(Object(Closure))
#53 C:/Users/hp/Downloads/blog-dashboard/vendor/laravel/framework/src/Illuminate/Foundation/Http/Kernel.php(144): Illuminate/Foundation/Http/Kernel->sendRequestThroughRouter(Object(Illuminate/Http/Request))
#54 C:/Users/hp/Downloads/blog-dashboard/public/index.php(36): Illuminate/Foundation/Http/Kernel->handle(Object(Illuminate/Http/Request))
#55 C:/Users/hp/Downloads/blog-dashboard/server.php(21): require_once('C://Users//hp//Dow...')
#56 {main}
"} 
[2026-06-11 11:57:13] local.ERROR: Database connection [sqlite] not configured. {"exception":"[object] (InvalidArgumentException(code: 0): Database connection [sqlite] not configured. at C:/Users/hp/Downloads/blog-dashboard/vendor/laravel/framework/src/Illuminate/Database/DatabaseManager.php:196)
[stacktrace]
#0 C:/Users/hp/Downloads/blog-dashboard/vendor/laravel/framework/src/Illuminate/Database/DatabaseManager.php(159): Illuminate/Database/DatabaseManager->configuration('sqlite')
#1 C:/Users/hp/Downloads/blog-dashboard/vendor/laravel/framework/src/Illuminate/Database/DatabaseManager.php(101): Illuminate/Database/DatabaseManager->makeConnection('sqlite')
#2 C:/Users/hp/Downloads/blog-dashboard/vendor/laravel/framework/src/Illuminate/Database/Eloquent/Model.php(1820): Illuminate/Database/DatabaseManager->connection('sqlite')
#3 C:/Users/hp/Downloads/blog-dashboard/vendor/laravel/framework/src/Illuminate/Database/Eloquent/Model.php(1786): Illuminate/Database/Eloquent/Model::resolveConnection(NULL)
#4 C:/Users/hp/Downloads/blog-dashboard/vendor/laravel/framework/src/Illuminate/Database/Eloquent/Model.php(1577): Illuminate/Database/Eloquent/Model->getConnection()
#5 C:/Users/hp/Downloads/blog-dashboard/vendor/laravel/framework/src/Illuminate/Database/Eloquent/Model.php(1496): Illuminate/Database/Eloquent/Model->newBaseQueryBuilder()
#6 C:/Users/hp/Downloads/blog-dashboard/vendor/laravel/framework/src/Illuminate/Database/Eloquent/Model.php(1532): Illuminate/Database/Eloquent/Model->newModelQuery()
#7 C:/Users/hp/Downloads/blog-dashboard/vendor/laravel/framework/src/Illuminate/Database/Eloquent/Model.php(1485): Illuminate/Database/Eloquent/Model->newQueryWithoutScopes()
#8 C:/Users/hp/Downloads/blog-dashboard/vendor/laravel/framework/src/Illuminate/Database/Eloquent/Model.php(1475): Illuminate/Database/Eloquent/Model->newQuery()
#9 C:/Users/hp/Downloads/blog-dashboard/vendor/laravel/framework/src/Illuminate/Database/Eloquent/Model.php(688): Illuminate/Database/Eloquent/Model::query()
#10 C:/Users/hp/Downloads/blog-dashboard/app/Http/Controllers/BlogController.php(16): Illuminate/Database/Eloquent/Model::with('category')
#11 C:/Users/hp/Downloads/blog-dashboard/vendor/laravel/framework/src/Illuminate/Routing/Controller.php(54): App/Http/Controllers/BlogController->index()
#12 C:/Users/hp/Downloads/blog-dashboard/vendor/laravel/framework/src/Illuminate/Routing/ControllerDispatcher.php(43): Illuminate/Routing/Controller->callAction('index', Array)
#13 C:/Users/hp/Downloads/blog-dashboard/vendor/laravel/framework/src/Illuminate/Routing/Route.php(259): Illuminate/Routing/ControllerDispatcher->dispatch(Object(Illuminate/Routing/Route), Object(App/Http/Controllers/BlogController), 'index')
#14 C:/Users/hp/Downloads/blog-dashboard/vendor/laravel/framework/src/Illuminate/Routing/Route.php(205): Illuminate/Routing/Route->runController()
#15 C:/Users/hp/Downloads/blog-dashboard/vendor/laravel/framework/src/Illuminate/Routing/Router.php(806): Illuminate/Routing/Route->run()
#16 C:/Users/hp/Downloads/blog-dashboard/vendor/laravel/framework/src/Illuminate/Pipeline/Pipeline.php(144): Illuminate/Routing/Router->Illuminate/Routing/{closure}(Object(Illuminate/Http/Request))
#17 C:/Users/hp/Downloads/blog-dashboard/vendor/laravel/framework/src/Illuminate/Routing/Middleware/SubstituteBindings.php(50): Illuminate/Pipeline/Pipeline->Illuminate/Pipeline/{closure}(Object(Illuminate/Http/Request))
#18 C:/Users/hp/Downloads/blog-dashboard/vendor/laravel/framework/src/Illuminate/Pipeline/Pipeline.php(183): Illuminate/Routing/Middleware/SubstituteBindings->handle(Object(Illuminate/Http/Request), Object(Closure))
#19 C:/Users/hp/Downloads/blog-dashboard/vendor/laravel/framework/src/Illuminate/Foundation/Http/Middleware/VerifyCsrfToken.php(78): Illuminate/Pipeline/Pipeline->Illuminate/Pipeline/{closure}(Object(Illuminate/Http/Request))
#20 C:/Users/hp/Downloads/blog-dashboard/vendor/laravel/framework/src/Illuminate/Pipeline/Pipeline.php(183): Illuminate/Foundation/Http/Middleware/VerifyCsrfToken->handle(Object(Illuminate/Http/Request), Object(Closure))
#21 C:/Users/hp/Downloads/blog-dashboard/vendor/laravel/framework/src/Illuminate/View/Middleware/ShareErrorsFromSession.php(49): Illuminate/Pipeline/Pipeline->Illuminate/Pipeline/{closure}(Object(Illuminate/Http/Request))
#22 C:/Users/hp/Downloads/blog-dashboard/vendor/laravel/framework/src/Illuminate/Pipeline/Pipeline.php(183): Illuminate/View/Middleware/ShareErrorsFromSession->handle(Object(Illuminate/Http/Request), Object(Closure))
#23 C:/Users/hp/Downloads/blog-dashboard/vendor/laravel/framework/src/Illuminate/Session/Middleware/StartSession.php(121): Illuminate/Pipeline/Pipeline->Illuminate/Pipeline/{closure}(Object(Illuminate/Http/Request))
#24 C:/Users/hp/Downloads/blog-dashboard/vendor/laravel/framework/src/Illuminate/Session/Middleware/StartSession.php(64): Illuminate/Session/Middleware/StartSession->handleStatefulRequest(Object(Illuminate/Http/Request), Object(Illuminate/Session/Store), Object(Closure))
#25 C:/Users/hp/Downloads/blog-dashboard/vendor/laravel/framework/src/Illuminate/Pipeline/Pipeline.php(183): Illuminate/Session/Middleware/StartSession->handle(Object(Illuminate/Http/Request), Object(Closure))
#26 C:/Users/hp/Downloads/blog-dashboard/vendor/laravel/framework/src/Illuminate/Cookie/Middleware/AddQueuedCookiesToResponse.php(37): Illuminate/Pipeline/Pipeline->Illuminate/Pipeline/{closure}(Object(Illuminate/Http/Request))
#27 C:/Users/hp/Downloads/blog-dashboard/vendor/laravel/framework/src/Illuminate/Pipeline/Pipeline.php(183): Illuminate/Cookie/Middleware/AddQueuedCookiesToResponse->handle(Object(Illuminate/Http/Request), Object(Closure))
#28 C:/Users/hp/Downloads/blog-dashboard/vendor/laravel/framework/src/Illuminate/Cookie/Middleware/EncryptCookies.php(67): Illuminate/Pipeline/Pipeline->Illuminate/Pipeline/{closure}(Object(Illuminate/Http/Request))
#29 C:/Users/hp/Downloads/blog-dashboard/vendor/laravel/framework/src/Illuminate/Pipeline/Pipeline.php(183): Illuminate/Cookie/Middleware/EncryptCookies->handle(Object(Illuminate/Http/Request), Object(Closure))
#30 C:/Users/hp/Downloads/blog-dashboard/vendor/laravel/framework/src/Illuminate/Pipeline/Pipeline.php(119): Illuminate/Pipeline/Pipeline->Illuminate/Pipeline/{closure}(Object(Illuminate/Http/Request))
#31 C:/Users/hp/Downloads/blog-dashboard/vendor/laravel/framework/src/Illuminate/Routing/Router.php(805): Illuminate/Pipeline/Pipeline->then(Object(Closure))
#32 C:/Users/hp/Downloads/blog-dashboard/vendor/laravel/framework/src/Illuminate/Routing/Router.php(784): Illuminate/Routing/Router->runRouteWithinStack(Object(Illuminate/Routing/Route), Object(Illuminate/Http/Request))
#33 C:/Users/hp/Downloads/blog-dashboard/vendor/laravel/framework/src/Illuminate/Routing/Router.php(748): Illuminate/Routing/Router->runRoute(Object(Illuminate/Http/Request), Object(Illuminate/Routing/Route))
#34 C:/Users/hp/Downloads/blog-dashboard/vendor/laravel/framework/src/Illuminate/Routing/Router.php(737): Illuminate/Routing/Router->dispatchToRoute(Object(Illuminate/Http/Request))
#35 C:/Users/hp/Downloads/blog-dashboard/vendor/laravel/framework/src/Illuminate/Foundation/Http/Kernel.php(200): Illuminate/Routing/Router->dispatch(Object(Illuminate/Http/Request))
#36 C:/Users/hp/Downloads/blog-dashboard/vendor/laravel/framework/src/Illuminate/Pipeline/Pipeline.php(144): Illuminate/Foundation/Http/Kernel->Illuminate/Foundation/Http/{closure}(Object(Illuminate/Http/Request))
#37 C:/Users/hp/Downloads/blog-dashboard/vendor/laravel/framework/src/Illuminate/Foundation/Http/Middleware/TransformsRequest.php(21): Illuminate/Pipeline/Pipeline->Illuminate/Pipeline/{closure}(Object(Illuminate/Http/Request))
#38 C:/Users/hp/Downloads/blog-dashboard/vendor/laravel/framework/src/Illuminate/Foundation/Http/Middleware/ConvertEmptyStringsToNull.php(31): Illuminate/Foundation/Http/Middleware/TransformsRequest->handle(Object(Illuminate/Http/Request), Object(Closure))
#39 C:/Users/hp/Downloads/blog-dashboard/vendor/laravel/framework/src/Illuminate/Pipeline/Pipeline.php(183): Illuminate/Foundation/Http/Middleware/ConvertEmptyStringsToNull->handle(Object(Illuminate/Http/Request), Object(Closure))
#40 C:/Users/hp/Downloads/blog-dashboard/vendor/laravel/framework/src/Illuminate/Foundation/Http/Middleware/TransformsRequest.php(21): Illuminate/Pipeline/Pipeline->Illuminate/Pipeline/{closure}(Object(Illuminate/Http/Request))
#41 C:/Users/hp/Downloads/blog-dashboard/vendor/laravel/framework/src/Illuminate/Foundation/Http/Middleware/TrimStrings.php(40): Illuminate/Foundation/Http/Middleware/TransformsRequest->handle(Object(Illuminate/Http/Request), Object(Closure))
#42 C:/Users/hp/Downloads/blog-dashboard/vendor/laravel/framework/src/Illuminate/Pipeline/Pipeline.php(183): Illuminate/Foundation/Http/Middleware/TrimStrings->handle(Object(Illuminate/Http/Request), Object(Closure))
#43 C:/Users/hp/Downloads/blog-dashboard/vendor/laravel/framework/src/Illuminate/Foundation/Http/Middleware/ValidatePostSize.php(27): Illuminate/Pipeline/Pipeline->Illuminate/Pipeline/{closure}(Object(Illuminate/Http/Request))
#44 C:/Users/hp/Downloads/blog-dashboard/vendor/laravel/framework/src/Illuminate/Pipeline/Pipeline.php(183): Illuminate/Foundation/Http/Middleware/ValidatePostSize->handle(Object(Illuminate/Http/Request), Object(Closure))
#45 C:/Users/hp/Downloads/blog-dashboard/vendor/laravel/framework/src/Illuminate/Foundation/Http/Middleware/PreventRequestsDuringMaintenance.php(99): Illuminate/Pipeline/Pipeline->Illuminate/Pipeline/{closure}(Object(Illuminate/Http/Request))
#46 C:/Users/hp/Downloads/blog-dashboard/vendor/laravel/framework/src/Illuminate/Pipeline/Pipeline.php(183): Illuminate/Foundation/Http/Middleware/PreventRequestsDuringMaintenance->handle(Object(Illuminate/Http/Request), Object(Closure))
#47 C:/Users/hp/Downloads/blog-dashboard/vendor/laravel/framework/src/Illuminate/Http/Middleware/HandleCors.php(49): Illuminate/Pipeline/Pipeline->Illuminate/Pipeline/{closure}(Object(Illuminate/Http/Request))
#48 C:/Users/hp/Downloads/blog-dashboard/vendor/laravel/framework/src/Illuminate/Pipeline/Pipeline.php(183): Illuminate/Http/Middleware/HandleCors->handle(Object(Illuminate/Http/Request), Object(Closure))
#49 C:/Users/hp/Downloads/blog-dashboard/vendor/laravel/framework/src/Illuminate/Http/Middleware/TrustProxies.php(39): Illuminate/Pipeline/Pipeline->Illuminate/Pipeline/{closure}(Object(Illuminate/Http/Request))
#50 C:/Users/hp/Downloads/blog-dashboard/vendor/laravel/framework/src/Illuminate/Pipeline/Pipeline.php(183): Illuminate/Http/Middleware/TrustProxies->handle(Object(Illuminate/Http/Request), Object(Closure))
#51 C:/Users/hp/Downloads/blog-dashboard/vendor/laravel/framework/src/Illuminate/Pipeline/Pipeline.php(119): Illuminate/Pipeline/Pipeline->Illuminate/Pipeline/{closure}(Object(Illuminate/Http/Request))
#52 C:/Users/hp/Downloads/blog-dashboard/vendor/laravel/framework/src/Illuminate/Foundation/Http/Kernel.php(175): Illuminate/Pipeline/Pipeline->then(Object(Closure))
#53 C:/Users/hp/Downloads/blog-dashboard/vendor/laravel/framework/src/Illuminate/Foundation/Http/Kernel.php(144): Illuminate/Foundation/Http/Kernel->sendRequestThroughRouter(Object(Illuminate/Http/Request))
#54 C:/Users/hp/Downloads/blog-dashboard/public/index.php(36): Illuminate/Foundation/Http/Kernel->handle(Object(Illuminate/Http/Request))
#55 C:/Users/hp/Downloads/blog-dashboard/server.php(21): require_once('C://Users//hp//Dow...')
#56 {main}
"} 
[2026-06-11 11:59:54] local.ERROR: Database file at path [database/database.sqlite] does not exist. Ensure this is an absolute path to the database. (Connection: sqlite, SQL: PRAGMA foreign_keys = ON;) {"exception":"[object] (Illuminate\\Database\\QueryException(code: 0): Database file at path [database/database.sqlite] does not exist. Ensure this is an absolute path to the database. (Connection: sqlite, SQL: PRAGMA foreign_keys = ON;) at C:/Users/hp/Downloads/blog-dashboard/vendor/laravel/framework/src/Illuminate/Database/Connection.php:829)
[stacktrace]
#0 C:/Users/hp/Downloads/blog-dashboard/vendor/laravel/framework/src/Illuminate/Database/Connection.php(783): Illuminate/Database/Connection->runQueryCallback('PRAGMA foreign_...', Array, Object(Closure))
#1 C:/Users/hp/Downloads/blog-dashboard/vendor/laravel/framework/src/Illuminate/Database/Connection.php(576): Illuminate/Database/Connection->run('PRAGMA foreign_...', Array, Object(Closure))
#2 C:/Users/hp/Downloads/blog-dashboard/vendor/laravel/framework/src/Illuminate/Database/Schema/Builder.php(560): Illuminate/Database/Connection->statement('PRAGMA foreign_...')
#3 C:/Users/hp/Downloads/blog-dashboard/vendor/laravel/framework/src/Illuminate/Database/SQLiteConnection.php(36): Illuminate/Database/Schema/Builder->enableForeignKeyConstraints()
#4 C:/Users/hp/Downloads/blog-dashboard/vendor/laravel/framework/src/Illuminate/Database/Connectors/ConnectionFactory.php(272): Illuminate/Database/SQLiteConnection->__construct(Object(Closure), 'database/databa...', '', Array)
#5 C:/Users/hp/Downloads/blog-dashboard/vendor/laravel/framework/src/Illuminate/Database/Connectors/ConnectionFactory.php(75): Illuminate/Database/Connectors/ConnectionFactory->createConnection('sqlite', Object(Closure), 'database/databa...', '', Array)
#6 C:/Users/hp/Downloads/blog-dashboard/vendor/laravel/framework/src/Illuminate/Database/Connectors/ConnectionFactory.php(50): Illuminate/Database/Connectors/ConnectionFactory->createSingleConnection(Array)
#7 C:/Users/hp/Downloads/blog-dashboard/vendor/laravel/framework/src/Illuminate/Database/DatabaseManager.php(175): Illuminate/Database/Connectors/ConnectionFactory->make(Array, 'sqlite')
#8 C:/Users/hp/Downloads/blog-dashboard/vendor/laravel/framework/src/Illuminate/Database/DatabaseManager.php(101): Illuminate/Database/DatabaseManager->makeConnection('sqlite')
#9 C:/Users/hp/Downloads/blog-dashboard/vendor/laravel/framework/src/Illuminate/Database/Eloquent/Model.php(1820): Illuminate/Database/DatabaseManager->connection('sqlite')
#10 C:/Users/hp/Downloads/blog-dashboard/vendor/laravel/framework/src/Illuminate/Database/Eloquent/Model.php(1786): Illuminate/Database/Eloquent/Model::resolveConnection(NULL)
#11 C:/Users/hp/Downloads/blog-dashboard/vendor/laravel/framework/src/Illuminate/Database/Eloquent/Model.php(1577): Illuminate/Database/Eloquent/Model->getConnection()
#12 C:/Users/hp/Downloads/blog-dashboard/vendor/laravel/framework/src/Illuminate/Database/Eloquent/Model.php(1496): Illuminate/Database/Eloquent/Model->newBaseQueryBuilder()
#13 C:/Users/hp/Downloads/blog-dashboard/vendor/laravel/framework/src/Illuminate/Database/Eloquent/Model.php(1532): Illuminate/Database/Eloquent/Model->newModelQuery()
#14 C:/Users/hp/Downloads/blog-dashboard/vendor/laravel/framework/src/Illuminate/Database/Eloquent/Model.php(1485): Illuminate/Database/Eloquent/Model->newQueryWithoutScopes()
#15 C:/Users/hp/Downloads/blog-dashboard/vendor/laravel/framework/src/Illuminate/Database/Eloquent/Model.php(1475): Illuminate/Database/Eloquent/Model->newQuery()
#16 C:/Users/hp/Downloads/blog-dashboard/vendor/laravel/framework/src/Illuminate/Database/Eloquent/Model.php(688): Illuminate/Database/Eloquent/Model::query()
#17 C:/Users/hp/Downloads/blog-dashboard/app/Http/Controllers/BlogController.php(16): Illuminate/Database/Eloquent/Model::with('category')
#18 C:/Users/hp/Downloads/blog-dashboard/vendor/laravel/framework/src/Illuminate/Routing/Controller.php(54): App/Http/Controllers/BlogController->index()
#19 C:/Users/hp/Downloads/blog-dashboard/vendor/laravel/framework/src/Illuminate/Routing/ControllerDispatcher.php(43): Illuminate/Routing/Controller->callAction('index', Array)
#20 C:/Users/hp/Downloads/blog-dashboard/vendor/laravel/framework/src/Illuminate/Routing/Route.php(259): Illuminate/Routing/ControllerDispatcher->dispatch(Object(Illuminate/Routing/Route), Object(App/Http/Controllers/BlogController), 'index')
#21 C:/Users/hp/Downloads/blog-dashboard/vendor/laravel/framework/src/Illuminate/Routing/Route.php(205): Illuminate/Routing/Route->runController()
#22 C:/Users/hp/Downloads/blog-dashboard/vendor/laravel/framework/src/Illuminate/Routing/Router.php(806): Illuminate/Routing/Route->run()
#23 C:/Users/hp/Downloads/blog-dashboard/vendor/laravel/framework/src/Illuminate/Pipeline/Pipeline.php(144): Illuminate/Routing/Router->Illuminate/Routing/{closure}(Object(Illuminate/Http/Request))
#24 C:/Users/hp/Downloads/blog-dashboard/vendor/laravel/framework/src/Illuminate/Routing/Middleware/SubstituteBindings.php(50): Illuminate/Pipeline/Pipeline->Illuminate/Pipeline/{closure}(Object(Illuminate/Http/Request))
#25 C:/Users/hp/Downloads/blog-dashboard/vendor/laravel/framework/src/Illuminate/Pipeline/Pipeline.php(183): Illuminate/Routing/Middleware/SubstituteBindings->handle(Object(Illuminate/Http/Request), Object(Closure))
#26 C:/Users/hp/Downloads/blog-dashboard/vendor/laravel/framework/src/Illuminate/Foundation/Http/Middleware/VerifyCsrfToken.php(78): Illuminate/Pipeline/Pipeline->Illuminate/Pipeline/{closure}(Object(Illuminate/Http/Request))
#27 C:/Users/hp/Downloads/blog-dashboard/vendor/laravel/framework/src/Illuminate/Pipeline/Pipeline.php(183): Illuminate/Foundation/Http/Middleware/VerifyCsrfToken->handle(Object(Illuminate/Http/Request), Object(Closure))
#28 C:/Users/hp/Downloads/blog-dashboard/vendor/laravel/framework/src/Illuminate/View/Middleware/ShareErrorsFromSession.php(49): Illuminate/Pipeline/Pipeline->Illuminate/Pipeline/{closure}(Object(Illuminate/Http/Request))
#29 C:/Users/hp/Downloads/blog-dashboard/vendor/laravel/framework/src/Illuminate/Pipeline/Pipeline.php(183): Illuminate/View/Middleware/ShareErrorsFromSession->handle(Object(Illuminate/Http/Request), Object(Closure))
#30 C:/Users/hp/Downloads/blog-dashboard/vendor/laravel/framework/src/Illuminate/Session/Middleware/StartSession.php(121): Illuminate/Pipeline/Pipeline->Illuminate/Pipeline/{closure}(Object(Illuminate/Http/Request))
#31 C:/Users/hp/Downloads/blog-dashboard/vendor/laravel/framework/src/Illuminate/Session/Middleware/StartSession.php(64): Illuminate/Session/Middleware/StartSession->handleStatefulRequest(Object(Illuminate/Http/Request), Object(Illuminate/Session/Store), Object(Closure))
#32 C:/Users/hp/Downloads/blog-dashboard/vendor/laravel/framework/src/Illuminate/Pipeline/Pipeline.php(183): Illuminate/Session/Middleware/StartSession->handle(Object(Illuminate/Http/Request), Object(Closure))
#33 C:/Users/hp/Downloads/blog-dashboard/vendor/laravel/framework/src/Illuminate/Cookie/Middleware/AddQueuedCookiesToResponse.php(37): Illuminate/Pipeline/Pipeline->Illuminate/Pipeline/{closure}(Object(Illuminate/Http/Request))
#34 C:/Users/hp/Downloads/blog-dashboard/vendor/laravel/framework/src/Illuminate/Pipeline/Pipeline.php(183): Illuminate/Cookie/Middleware/AddQueuedCookiesToResponse->handle(Object(Illuminate/Http/Request), Object(Closure))
#35 C:/Users/hp/Downloads/blog-dashboard/vendor/laravel/framework/src/Illuminate/Cookie/Middleware/EncryptCookies.php(67): Illuminate/Pipeline/Pipeline->Illuminate/Pipeline/{closure}(Object(Illuminate/Http/Request))
#36 C:/Users/hp/Downloads/blog-dashboard/vendor/laravel/framework/src/Illuminate/Pipeline/Pipeline.php(183): Illuminate/Cookie/Middleware/EncryptCookies->handle(Object(Illuminate/Http/Request), Object(Closure))
#37 C:/Users/hp/Downloads/blog-dashboard/vendor/laravel/framework/src/Illuminate/Pipeline/Pipeline.php(119): Illuminate/Pipeline/Pipeline->Illuminate/Pipeline/{closure}(Object(Illuminate/Http/Request))
#38 C:/Users/hp/Downloads/blog-dashboard/vendor/laravel/framework/src/Illuminate/Routing/Router.php(805): Illuminate/Pipeline/Pipeline->then(Object(Closure))
#39 C:/Users/hp/Downloads/blog-dashboard/vendor/laravel/framework/src/Illuminate/Routing/Router.php(784): Illuminate/Routing/Router->runRouteWithinStack(Object(Illuminate/Routing/Route), Object(Illuminate/Http/Request))
#40 C:/Users/hp/Downloads/blog-dashboard/vendor/laravel/framework/src/Illuminate/Routing/Router.php(748): Illuminate/Routing/Router->runRoute(Object(Illuminate/Http/Request), Object(Illuminate/Routing/Route))
#41 C:/Users/hp/Downloads/blog-dashboard/vendor/laravel/framework/src/Illuminate/Routing/Router.php(737): Illuminate/Routing/Router->dispatchToRoute(Object(Illuminate/Http/Request))
#42 C:/Users/hp/Downloads/blog-dashboard/vendor/laravel/framework/src/Illuminate/Foundation/Http/Kernel.php(200): Illuminate/Routing/Router->dispatch(Object(Illuminate/Http/Request))
#43 C:/Users/hp/Downloads/blog-dashboard/vendor/laravel/framework/src/Illuminate/Pipeline/Pipeline.php(144): Illuminate/Foundation/Http/Kernel->Illuminate/Foundation/Http/{closure}(Object(Illuminate/Http/Request))
#44 C:/Users/hp/Downloads/blog-dashboard/vendor/laravel/framework/src/Illuminate/Foundation/Http/Middleware/TransformsRequest.php(21): Illuminate/Pipeline/Pipeline->Illuminate/Pipeline/{closure}(Object(Illuminate/Http/Request))
#45 C:/Users/hp/Downloads/blog-dashboard/vendor/laravel/framework/src/Illuminate/Foundation/Http/Middleware/ConvertEmptyStringsToNull.php(31): Illuminate/Foundation/Http/Middleware/TransformsRequest->handle(Object(Illuminate/Http/Request), Object(Closure))
#46 C:/Users/hp/Downloads/blog-dashboard/vendor/laravel/framework/src/Illuminate/Pipeline/Pipeline.php(183): Illuminate/Foundation/Http/Middleware/ConvertEmptyStringsToNull->handle(Object(Illuminate/Http/Request), Object(Closure))
#47 C:/Users/hp/Downloads/blog-dashboard/vendor/laravel/framework/src/Illuminate/Foundation/Http/Middleware/TransformsRequest.php(21): Illuminate/Pipeline/Pipeline->Illuminate/Pipeline/{closure}(Object(Illuminate/Http/Request))
#48 C:/Users/hp/Downloads/blog-dashboard/vendor/laravel/framework/src/Illuminate/Foundation/Http/Middleware/TrimStrings.php(40): Illuminate/Foundation/Http/Middleware/TransformsRequest->handle(Object(Illuminate/Http/Request), Object(Closure))
#49 C:/Users/hp/Downloads/blog-dashboard/vendor/laravel/framework/src/Illuminate/Pipeline/Pipeline.php(183): Illuminate/Foundation/Http/Middleware/TrimStrings->handle(Object(Illuminate/Http/Request), Object(Closure))
#50 C:/Users/hp/Downloads/blog-dashboard/vendor/laravel/framework/src/Illuminate/Foundation/Http/Middleware/ValidatePostSize.php(27): Illuminate/Pipeline/Pipeline->Illuminate/Pipeline/{closure}(Object(Illuminate/Http/Request))
#51 C:/Users/hp/Downloads/blog-dashboard/vendor/laravel/framework/src/Illuminate/Pipeline/Pipeline.php(183): Illuminate/Foundation/Http/Middleware/ValidatePostSize->handle(Object(Illuminate/Http/Request), Object(Closure))
#52 C:/Users/hp/Downloads/blog-dashboard/vendor/laravel/framework/src/Illuminate/Foundation/Http/Middleware/PreventRequestsDuringMaintenance.php(99): Illuminate/Pipeline/Pipeline->Illuminate/Pipeline/{closure}(Object(Illuminate/Http/Request))
#53 C:/Users/hp/Downloads/blog-dashboard/vendor/laravel/framework/src/Illuminate/Pipeline/Pipeline.php(183): Illuminate/Foundation/Http/Middleware/PreventRequestsDuringMaintenance->handle(Object(Illuminate/Http/Request), Object(Closure))
#54 C:/Users/hp/Downloads/blog-dashboard/vendor/laravel/framework/src/Illuminate/Http/Middleware/HandleCors.php(49): Illuminate/Pipeline/Pipeline->Illuminate/Pipeline/{closure}(Object(Illuminate/Http/Request))
#55 C:/Users/hp/Downloads/blog-dashboard/vendor/laravel/framework/src/Illuminate/Pipeline/Pipeline.php(183): Illuminate/Http/Middleware/HandleCors->handle(Object(Illuminate/Http/Request), Object(Closure))
#56 C:/Users/hp/Downloads/blog-dashboard/vendor/laravel/framework/src/Illuminate/Http/Middleware/TrustProxies.php(39): Illuminate/Pipeline/Pipeline->Illuminate/Pipeline/{closure}(Object(Illuminate/Http/Request))
#57 C:/Users/hp/Downloads/blog-dashboard/vendor/laravel/framework/src/Illuminate/Pipeline/Pipeline.php(183): Illuminate/Http/Middleware/TrustProxies->handle(Object(Illuminate/Http/Request), Object(Closure))
#58 C:/Users/hp/Downloads/blog-dashboard/vendor/laravel/framework/src/Illuminate/Pipeline/Pipeline.php(119): Illuminate/Pipeline/Pipeline->Illuminate/Pipeline/{closure}(Object(Illuminate/Http/Request))
#59 C:/Users/hp/Downloads/blog-dashboard/vendor/laravel/framework/src/Illuminate/Foundation/Http/Kernel.php(175): Illuminate/Pipeline/Pipeline->then(Object(Closure))
#60 C:/Users/hp/Downloads/blog-dashboard/vendor/laravel/framework/src/Illuminate/Foundation/Http/Kernel.php(144): Illuminate/Foundation/Http/Kernel->sendRequestThroughRouter(Object(Illuminate/Http/Request))
#61 C:/Users/hp/Downloads/blog-dashboard/public/index.php(36): Illuminate/Foundation/Http/Kernel->handle(Object(Illuminate/Http/Request))
#62 C:/Users/hp/Downloads/blog-dashboard/server.php(21): require_once('C://Users//hp//Dow...')
#63 {main}

[previous exception] [object] (Illuminate\\Database\\SQLiteDatabaseDoesNotExistException(code: 0): Database file at path [database/database.sqlite] does not exist. Ensure this is an absolute path to the database. at C:/Users/hp/Downloads/blog-dashboard/vendor/laravel/framework/src/Illuminate/Database/Connectors/SQLiteConnector.php:34)
[stacktrace]
#0 C:/Users/hp/Downloads/blog-dashboard/vendor/laravel/framework/src/Illuminate/Database/Connectors/ConnectionFactory.php(221): Illuminate/Database/Connectors/SQLiteConnector->connect(Array)
#1 [internal function]: Illuminate/Database/Connectors/ConnectionFactory->Illuminate/Database/Connectors/{closure}()
#2 C:/Users/hp/Downloads/blog-dashboard/vendor/laravel/framework/src/Illuminate/Database/Connection.php(1339): call_user_func(Object(Closure))
#3 C:/Users/hp/Downloads/blog-dashboard/vendor/laravel/framework/src/Illuminate/Database/Connection.php(581): Illuminate/Database/Connection->getPdo()
#4 C:/Users/hp/Downloads/blog-dashboard/vendor/laravel/framework/src/Illuminate/Database/Connection.php(816): Illuminate/Database/Connection->Illuminate/Database/{closure}('PRAGMA foreign_...', Array)
#5 C:/Users/hp/Downloads/blog-dashboard/vendor/laravel/framework/src/Illuminate/Database/Connection.php(783): Illuminate/Database/Connection->runQueryCallback('PRAGMA foreign_...', Array, Object(Closure))
#6 C:/Users/hp/Downloads/blog-dashboard/vendor/laravel/framework/src/Illuminate/Database/Connection.php(576): Illuminate/Database/Connection->run('PRAGMA foreign_...', Array, Object(Closure))
#7 C:/Users/hp/Downloads/blog-dashboard/vendor/laravel/framework/src/Illuminate/Database/Schema/Builder.php(560): Illuminate/Database/Connection->statement('PRAGMA foreign_...')
#8 C:/Users/hp/Downloads/blog-dashboard/vendor/laravel/framework/src/Illuminate/Database/SQLiteConnection.php(36): Illuminate/Database/Schema/Builder->enableForeignKeyConstraints()
#9 C:/Users/hp/Downloads/blog-dashboard/vendor/laravel/framework/src/Illuminate/Database/Connectors/ConnectionFactory.php(272): Illuminate/Database/SQLiteConnection->__construct(Object(Closure), 'database/databa...', '', Array)
#10 C:/Users/hp/Downloads/blog-dashboard/vendor/laravel/framework/src/Illuminate/Database/Connectors/ConnectionFactory.php(75): Illuminate/Database/Connectors/ConnectionFactory->createConnection('sqlite', Object(Closure), 'database/databa...', '', Array)
#11 C:/Users/hp/Downloads/blog-dashboard/vendor/laravel/framework/src/Illuminate/Database/Connectors/ConnectionFactory.php(50): Illuminate/Database/Connectors/ConnectionFactory->createSingleConnection(Array)
#12 C:/Users/hp/Downloads/blog-dashboard/vendor/laravel/framework/src/Illuminate/Database/DatabaseManager.php(175): Illuminate/Database/Connectors/ConnectionFactory->make(Array, 'sqlite')
#13 C:/Users/hp/Downloads/blog-dashboard/vendor/laravel/framework/src/Illuminate/Database/DatabaseManager.php(101): Illuminate/Database/DatabaseManager->makeConnection('sqlite')
#14 C:/Users/hp/Downloads/blog-dashboard/vendor/laravel/framework/src/Illuminate/Database/Eloquent/Model.php(1820): Illuminate/Database/DatabaseManager->connection('sqlite')
#15 C:/Users/hp/Downloads/blog-dashboard/vendor/laravel/framework/src/Illuminate/Database/Eloquent/Model.php(1786): Illuminate/Database/Eloquent/Model::resolveConnection(NULL)
#16 C:/Users/hp/Downloads/blog-dashboard/vendor/laravel/framework/src/Illuminate/Database/Eloquent/Model.php(1577): Illuminate/Database/Eloquent/Model->getConnection()
#17 C:/Users/hp/Downloads/blog-dashboard/vendor/laravel/framework/src/Illuminate/Database/Eloquent/Model.php(1496): Illuminate/Database/Eloquent/Model->newBaseQueryBuilder()
#18 C:/Users/hp/Downloads/blog-dashboard/vendor/laravel/framework/src/Illuminate/Database/Eloquent/Model.php(1532): Illuminate/Database/Eloquent/Model->newModelQuery()
#19 C:/Users/hp/Downloads/blog-dashboard/vendor/laravel/framework/src/Illuminate/Database/Eloquent/Model.php(1485): Illuminate/Database/Eloquent/Model->newQueryWithoutScopes()
#20 C:/Users/hp/Downloads/blog-dashboard/vendor/laravel/framework/src/Illuminate/Database/Eloquent/Model.php(1475): Illuminate/Database/Eloquent/Model->newQuery()
#21 C:/Users/hp/Downloads/blog-dashboard/vendor/laravel/framework/src/Illuminate/Database/Eloquent/Model.php(688): Illuminate/Database/Eloquent/Model::query()
#22 C:/Users/hp/Downloads/blog-dashboard/app/Http/Controllers/BlogController.php(16): Illuminate/Database/Eloquent/Model::with('category')
#23 C:/Users/hp/Downloads/blog-dashboard/vendor/laravel/framework/src/Illuminate/Routing/Controller.php(54): App/Http/Controllers/BlogController->index()
#24 C:/Users/hp/Downloads/blog-dashboard/vendor/laravel/framework/src/Illuminate/Routing/ControllerDispatcher.php(43): Illuminate/Routing/Controller->callAction('index', Array)
#25 C:/Users/hp/Downloads/blog-dashboard/vendor/laravel/framework/src/Illuminate/Routing/Route.php(259): Illuminate/Routing/ControllerDispatcher->dispatch(Object(Illuminate/Routing/Route), Object(App/Http/Controllers/BlogController), 'index')
#26 C:/Users/hp/Downloads/blog-dashboard/vendor/laravel/framework/src/Illuminate/Routing/Route.php(205): Illuminate/Routing/Route->runController()
#27 C:/Users/hp/Downloads/blog-dashboard/vendor/laravel/framework/src/Illuminate/Routing/Router.php(806): Illuminate/Routing/Route->run()
#28 C:/Users/hp/Downloads/blog-dashboard/vendor/laravel/framework/src/Illuminate/Pipeline/Pipeline.php(144): Illuminate/Routing/Router->Illuminate/Routing/{closure}(Object(Illuminate/Http/Request))
#29 C:/Users/hp/Downloads/blog-dashboard/vendor/laravel/framework/src/Illuminate/Routing/Middleware/SubstituteBindings.php(50): Illuminate/Pipeline/Pipeline->Illuminate/Pipeline/{closure}(Object(Illuminate/Http/Request))
#30 C:/Users/hp/Downloads/blog-dashboard/vendor/laravel/framework/src/Illuminate/Pipeline/Pipeline.php(183): Illuminate/Routing/Middleware/SubstituteBindings->handle(Object(Illuminate/Http/Request), Object(Closure))
#31 C:/Users/hp/Downloads/blog-dashboard/vendor/laravel/framework/src/Illuminate/Foundation/Http/Middleware/VerifyCsrfToken.php(78): Illuminate/Pipeline/Pipeline->Illuminate/Pipeline/{closure}(Object(Illuminate/Http/Request))
#32 C:/Users/hp/Downloads/blog-dashboard/vendor/laravel/framework/src/Illuminate/Pipeline/Pipeline.php(183): Illuminate/Foundation/Http/Middleware/VerifyCsrfToken->handle(Object(Illuminate/Http/Request), Object(Closure))
#33 C:/Users/hp/Downloads/blog-dashboard/vendor/laravel/framework/src/Illuminate/View/Middleware/ShareErrorsFromSession.php(49): Illuminate/Pipeline/Pipeline->Illuminate/Pipeline/{closure}(Object(Illuminate/Http/Request))
#34 C:/Users/hp/Downloads/blog-dashboard/vendor/laravel/framework/src/Illuminate/Pipeline/Pipeline.php(183): Illuminate/View/Middleware/ShareErrorsFromSession->handle(Object(Illuminate/Http/Request), Object(Closure))
#35 C:/Users/hp/Downloads/blog-dashboard/vendor/laravel/framework/src/Illuminate/Session/Middleware/StartSession.php(121): Illuminate/Pipeline/Pipeline->Illuminate/Pipeline/{closure}(Object(Illuminate/Http/Request))
#36 C:/Users/hp/Downloads/blog-dashboard/vendor/laravel/framework/src/Illuminate/Session/Middleware/StartSession.php(64): Illuminate/Session/Middleware/StartSession->handleStatefulRequest(Object(Illuminate/Http/Request), Object(Illuminate/Session/Store), Object(Closure))
#37 C:/Users/hp/Downloads/blog-dashboard/vendor/laravel/framework/src/Illuminate/Pipeline/Pipeline.php(183): Illuminate/Session/Middleware/StartSession->handle(Object(Illuminate/Http/Request), Object(Closure))
#38 C:/Users/hp/Downloads/blog-dashboard/vendor/laravel/framework/src/Illuminate/Cookie/Middleware/AddQueuedCookiesToResponse.php(37): Illuminate/Pipeline/Pipeline->Illuminate/Pipeline/{closure}(Object(Illuminate/Http/Request))
#39 C:/Users/hp/Downloads/blog-dashboard/vendor/laravel/framework/src/Illuminate/Pipeline/Pipeline.php(183): Illuminate/Cookie/Middleware/AddQueuedCookiesToResponse->handle(Object(Illuminate/Http/Request), Object(Closure))
#40 C:/Users/hp/Downloads/blog-dashboard/vendor/laravel/framework/src/Illuminate/Cookie/Middleware/EncryptCookies.php(67): Illuminate/Pipeline/Pipeline->Illuminate/Pipeline/{closure}(Object(Illuminate/Http/Request))
#41 C:/Users/hp/Downloads/blog-dashboard/vendor/laravel/framework/src/Illuminate/Pipeline/Pipeline.php(183): Illuminate/Cookie/Middleware/EncryptCookies->handle(Object(Illuminate/Http/Request), Object(Closure))
#42 C:/Users/hp/Downloads/blog-dashboard/vendor/laravel/framework/src/Illuminate/Pipeline/Pipeline.php(119): Illuminate/Pipeline/Pipeline->Illuminate/Pipeline/{closure}(Object(Illuminate/Http/Request))
#43 C:/Users/hp/Downloads/blog-dashboard/vendor/laravel/framework/src/Illuminate/Routing/Router.php(805): Illuminate/Pipeline/Pipeline->then(Object(Closure))
#44 C:/Users/hp/Downloads/blog-dashboard/vendor/laravel/framework/src/Illuminate/Routing/Router.php(784): Illuminate/Routing/Router->runRouteWithinStack(Object(Illuminate/Routing/Route), Object(Illuminate/Http/Request))
#45 C:/Users/hp/Downloads/blog-dashboard/vendor/laravel/framework/src/Illuminate/Routing/Router.php(748): Illuminate/Routing/Router->runRoute(Object(Illuminate/Http/Request), Object(Illuminate/Routing/Route))
#46 C:/Users/hp/Downloads/blog-dashboard/vendor/laravel/framework/src/Illuminate/Routing/Router.php(737): Illuminate/Routing/Router->dispatchToRoute(Object(Illuminate/Http/Request))
#47 C:/Users/hp/Downloads/blog-dashboard/vendor/laravel/framework/src/Illuminate/Foundation/Http/Kernel.php(200): Illuminate/Routing/Router->dispatch(Object(Illuminate/Http/Request))
#48 C:/Users/hp/Downloads/blog-dashboard/vendor/laravel/framework/src/Illuminate/Pipeline/Pipeline.php(144): Illuminate/Foundation/Http/Kernel->Illuminate/Foundation/Http/{closure}(Object(Illuminate/Http/Request))
#49 C:/Users/hp/Downloads/blog-dashboard/vendor/laravel/framework/src/Illuminate/Foundation/Http/Middleware/TransformsRequest.php(21): Illuminate/Pipeline/Pipeline->Illuminate/Pipeline/{closure}(Object(Illuminate/Http/Request))
#50 C:/Users/hp/Downloads/blog-dashboard/vendor/laravel/framework/src/Illuminate/Foundation/Http/Middleware/ConvertEmptyStringsToNull.php(31): Illuminate/Foundation/Http/Middleware/TransformsRequest->handle(Object(Illuminate/Http/Request), Object(Closure))
#51 C:/Users/hp/Downloads/blog-dashboard/vendor/laravel/framework/src/Illuminate/Pipeline/Pipeline.php(183): Illuminate/Foundation/Http/Middleware/ConvertEmptyStringsToNull->handle(Object(Illuminate/Http/Request), Object(Closure))
#52 C:/Users/hp/Downloads/blog-dashboard/vendor/laravel/framework/src/Illuminate/Foundation/Http/Middleware/TransformsRequest.php(21): Illuminate/Pipeline/Pipeline->Illuminate/Pipeline/{closure}(Object(Illuminate/Http/Request))
#53 C:/Users/hp/Downloads/blog-dashboard/vendor/laravel/framework/src/Illuminate/Foundation/Http/Middleware/TrimStrings.php(40): Illuminate/Foundation/Http/Middleware/TransformsRequest->handle(Object(Illuminate/Http/Request), Object(Closure))
#54 C:/Users/hp/Downloads/blog-dashboard/vendor/laravel/framework/src/Illuminate/Pipeline/Pipeline.php(183): Illuminate/Foundation/Http/Middleware/TrimStrings->handle(Object(Illuminate/Http/Request), Object(Closure))
#55 C:/Users/hp/Downloads/blog-dashboard/vendor/laravel/framework/src/Illuminate/Foundation/Http/Middleware/ValidatePostSize.php(27): Illuminate/Pipeline/Pipeline->Illuminate/Pipeline/{closure}(Object(Illuminate/Http/Request))
#56 C:/Users/hp/Downloads/blog-dashboard/vendor/laravel/framework/src/Illuminate/Pipeline/Pipeline.php(183): Illuminate/Foundation/Http/Middleware/ValidatePostSize->handle(Object(Illuminate/Http/Request), Object(Closure))
#57 C:/Users/hp/Downloads/blog-dashboard/vendor/laravel/framework/src/Illuminate/Foundation/Http/Middleware/PreventRequestsDuringMaintenance.php(99): Illuminate/Pipeline/Pipeline->Illuminate/Pipeline/{closure}(Object(Illuminate/Http/Request))
#58 C:/Users/hp/Downloads/blog-dashboard/vendor/laravel/framework/src/Illuminate/Pipeline/Pipeline.php(183): Illuminate/Foundation/Http/Middleware/PreventRequestsDuringMaintenance->handle(Object(Illuminate/Http/Request), Object(Closure))
#59 C:/Users/hp/Downloads/blog-dashboard/vendor/laravel/framework/src/Illuminate/Http/Middleware/HandleCors.php(49): Illuminate/Pipeline/Pipeline->Illuminate/Pipeline/{closure}(Object(Illuminate/Http/Request))
#60 C:/Users/hp/Downloads/blog-dashboard/vendor/laravel/framework/src/Illuminate/Pipeline/Pipeline.php(183): Illuminate/Http/Middleware/HandleCors->handle(Object(Illuminate/Http/Request), Object(Closure))
#61 C:/Users/hp/Downloads/blog-dashboard/vendor/laravel/framework/src/Illuminate/Http/Middleware/TrustProxies.php(39): Illuminate/Pipeline/Pipeline->Illuminate/Pipeline/{closure}(Object(Illuminate/Http/Request))
#62 C:/Users/hp/Downloads/blog-dashboard/vendor/laravel/framework/src/Illuminate/Pipeline/Pipeline.php(183): Illuminate/Http/Middleware/TrustProxies->handle(Object(Illuminate/Http/Request), Object(Closure))
#63 C:/Users/hp/Downloads/blog-dashboard/vendor/laravel/framework/src/Illuminate/Pipeline/Pipeline.php(119): Illuminate/Pipeline/Pipeline->Illuminate/Pipeline/{closure}(Object(Illuminate/Http/Request))
#64 C:/Users/hp/Downloads/blog-dashboard/vendor/laravel/framework/src/Illuminate/Foundation/Http/Kernel.php(175): Illuminate/Pipeline/Pipeline->then(Object(Closure))
#65 C:/Users/hp/Downloads/blog-dashboard/vendor/laravel/framework/src/Illuminate/Foundation/Http/Kernel.php(144): Illuminate/Foundation/Http/Kernel->sendRequestThroughRouter(Object(Illuminate/Http/Request))
#66 C:/Users/hp/Downloads/blog-dashboard/public/index.php(36): Illuminate/Foundation/Http/Kernel->handle(Object(Illuminate/Http/Request))
#67 C:/Users/hp/Downloads/blog-dashboard/server.php(21): require_once('C://Users//hp//Dow...')
#68 {main}
"} 
[2026-06-11 12:01:03] local.ERROR: Database file at path [database/database.sqlite] does not exist. Ensure this is an absolute path to the database. (Connection: sqlite, SQL: PRAGMA foreign_keys = ON;) {"exception":"[object] (Illuminate\\Database\\QueryException(code: 0): Database file at path [database/database.sqlite] does not exist. Ensure this is an absolute path to the database. (Connection: sqlite, SQL: PRAGMA foreign_keys = ON;) at C:/Users/hp/Downloads/blog-dashboard/vendor/laravel/framework/src/Illuminate/Database/Connection.php:829)
[stacktrace]
#0 C:/Users/hp/Downloads/blog-dashboard/vendor/laravel/framework/src/Illuminate/Database/Connection.php(783): Illuminate/Database/Connection->runQueryCallback('PRAGMA foreign_...', Array, Object(Closure))
#1 C:/Users/hp/Downloads/blog-dashboard/vendor/laravel/framework/src/Illuminate/Database/Connection.php(576): Illuminate/Database/Connection->run('PRAGMA foreign_...', Array, Object(Closure))
#2 C:/Users/hp/Downloads/blog-dashboard/vendor/laravel/framework/src/Illuminate/Database/Schema/Builder.php(560): Illuminate/Database/Connection->statement('PRAGMA foreign_...')
#3 C:/Users/hp/Downloads/blog-dashboard/vendor/laravel/framework/src/Illuminate/Database/SQLiteConnection.php(36): Illuminate/Database/Schema/Builder->enableForeignKeyConstraints()
#4 C:/Users/hp/Downloads/blog-dashboard/vendor/laravel/framework/src/Illuminate/Database/Connectors/ConnectionFactory.php(272): Illuminate/Database/SQLiteConnection->__construct(Object(Closure), 'database/databa...', '', Array)
#5 C:/Users/hp/Downloads/blog-dashboard/vendor/laravel/framework/src/Illuminate/Database/Connectors/ConnectionFactory.php(75): Illuminate/Database/Connectors/ConnectionFactory->createConnection('sqlite', Object(Closure), 'database/databa...', '', Array)
#6 C:/Users/hp/Downloads/blog-dashboard/vendor/laravel/framework/src/Illuminate/Database/Connectors/ConnectionFactory.php(50): Illuminate/Database/Connectors/ConnectionFactory->createSingleConnection(Array)
#7 C:/Users/hp/Downloads/blog-dashboard/vendor/laravel/framework/src/Illuminate/Database/DatabaseManager.php(175): Illuminate/Database/Connectors/ConnectionFactory->make(Array, 'sqlite')
#8 C:/Users/hp/Downloads/blog-dashboard/vendor/laravel/framework/src/Illuminate/Database/DatabaseManager.php(101): Illuminate/Database/DatabaseManager->makeConnection('sqlite')
#9 C:/Users/hp/Downloads/blog-dashboard/vendor/laravel/framework/src/Illuminate/Database/Eloquent/Model.php(1820): Illuminate/Database/DatabaseManager->connection('sqlite')
#10 C:/Users/hp/Downloads/blog-dashboard/vendor/laravel/framework/src/Illuminate/Database/Eloquent/Model.php(1786): Illuminate/Database/Eloquent/Model::resolveConnection(NULL)
#11 C:/Users/hp/Downloads/blog-dashboard/vendor/laravel/framework/src/Illuminate/Database/Eloquent/Model.php(1577): Illuminate/Database/Eloquent/Model->getConnection()
#12 C:/Users/hp/Downloads/blog-dashboard/vendor/laravel/framework/src/Illuminate/Database/Eloquent/Model.php(1496): Illuminate/Database/Eloquent/Model->newBaseQueryBuilder()
#13 C:/Users/hp/Downloads/blog-dashboard/vendor/laravel/framework/src/Illuminate/Database/Eloquent/Model.php(1532): Illuminate/Database/Eloquent/Model->newModelQuery()
#14 C:/Users/hp/Downloads/blog-dashboard/vendor/laravel/framework/src/Illuminate/Database/Eloquent/Model.php(1485): Illuminate/Database/Eloquent/Model->newQueryWithoutScopes()
#15 C:/Users/hp/Downloads/blog-dashboard/vendor/laravel/framework/src/Illuminate/Database/Eloquent/Model.php(1475): Illuminate/Database/Eloquent/Model->newQuery()
#16 C:/Users/hp/Downloads/blog-dashboard/vendor/laravel/framework/src/Illuminate/Database/Eloquent/Model.php(688): Illuminate/Database/Eloquent/Model::query()
#17 C:/Users/hp/Downloads/blog-dashboard/app/Http/Controllers/BlogController.php(16): Illuminate/Database/Eloquent/Model::with('category')
#18 C:/Users/hp/Downloads/blog-dashboard/vendor/laravel/framework/src/Illuminate/Routing/Controller.php(54): App/Http/Controllers/BlogController->index()
#19 C:/Users/hp/Downloads/blog-dashboard/vendor/laravel/framework/src/Illuminate/Routing/ControllerDispatcher.php(43): Illuminate/Routing/Controller->callAction('index', Array)
#20 C:/Users/hp/Downloads/blog-dashboard/vendor/laravel/framework/src/Illuminate/Routing/Route.php(259): Illuminate/Routing/ControllerDispatcher->dispatch(Object(Illuminate/Routing/Route), Object(App/Http/Controllers/BlogController), 'index')
#21 C:/Users/hp/Downloads/blog-dashboard/vendor/laravel/framework/src/Illuminate/Routing/Route.php(205): Illuminate/Routing/Route->runController()
#22 C:/Users/hp/Downloads/blog-dashboard/vendor/laravel/framework/src/Illuminate/Routing/Router.php(806): Illuminate/Routing/Route->run()
#23 C:/Users/hp/Downloads/blog-dashboard/vendor/laravel/framework/src/Illuminate/Pipeline/Pipeline.php(144): Illuminate/Routing/Router->Illuminate/Routing/{closure}(Object(Illuminate/Http/Request))
#24 C:/Users/hp/Downloads/blog-dashboard/vendor/laravel/framework/src/Illuminate/Routing/Middleware/SubstituteBindings.php(50): Illuminate/Pipeline/Pipeline->Illuminate/Pipeline/{closure}(Object(Illuminate/Http/Request))
#25 C:/Users/hp/Downloads/blog-dashboard/vendor/laravel/framework/src/Illuminate/Pipeline/Pipeline.php(183): Illuminate/Routing/Middleware/SubstituteBindings->handle(Object(Illuminate/Http/Request), Object(Closure))
#26 C:/Users/hp/Downloads/blog-dashboard/vendor/laravel/framework/src/Illuminate/Foundation/Http/Middleware/VerifyCsrfToken.php(78): Illuminate/Pipeline/Pipeline->Illuminate/Pipeline/{closure}(Object(Illuminate/Http/Request))
#27 C:/Users/hp/Downloads/blog-dashboard/vendor/laravel/framework/src/Illuminate/Pipeline/Pipeline.php(183): Illuminate/Foundation/Http/Middleware/VerifyCsrfToken->handle(Object(Illuminate/Http/Request), Object(Closure))
#28 C:/Users/hp/Downloads/blog-dashboard/vendor/laravel/framework/src/Illuminate/View/Middleware/ShareErrorsFromSession.php(49): Illuminate/Pipeline/Pipeline->Illuminate/Pipeline/{closure}(Object(Illuminate/Http/Request))
#29 C:/Users/hp/Downloads/blog-dashboard/vendor/laravel/framework/src/Illuminate/Pipeline/Pipeline.php(183): Illuminate/View/Middleware/ShareErrorsFromSession->handle(Object(Illuminate/Http/Request), Object(Closure))
#30 C:/Users/hp/Downloads/blog-dashboard/vendor/laravel/framework/src/Illuminate/Session/Middleware/StartSession.php(121): Illuminate/Pipeline/Pipeline->Illuminate/Pipeline/{closure}(Object(Illuminate/Http/Request))
#31 C:/Users/hp/Downloads/blog-dashboard/vendor/laravel/framework/src/Illuminate/Session/Middleware/StartSession.php(64): Illuminate/Session/Middleware/StartSession->handleStatefulRequest(Object(Illuminate/Http/Request), Object(Illuminate/Session/Store), Object(Closure))
#32 C:/Users/hp/Downloads/blog-dashboard/vendor/laravel/framework/src/Illuminate/Pipeline/Pipeline.php(183): Illuminate/Session/Middleware/StartSession->handle(Object(Illuminate/Http/Request), Object(Closure))
#33 C:/Users/hp/Downloads/blog-dashboard/vendor/laravel/framework/src/Illuminate/Cookie/Middleware/AddQueuedCookiesToResponse.php(37): Illuminate/Pipeline/Pipeline->Illuminate/Pipeline/{closure}(Object(Illuminate/Http/Request))
#34 C:/Users/hp/Downloads/blog-dashboard/vendor/laravel/framework/src/Illuminate/Pipeline/Pipeline.php(183): Illuminate/Cookie/Middleware/AddQueuedCookiesToResponse->handle(Object(Illuminate/Http/Request), Object(Closure))
#35 C:/Users/hp/Downloads/blog-dashboard/vendor/laravel/framework/src/Illuminate/Cookie/Middleware/EncryptCookies.php(67): Illuminate/Pipeline/Pipeline->Illuminate/Pipeline/{closure}(Object(Illuminate/Http/Request))
#36 C:/Users/hp/Downloads/blog-dashboard/vendor/laravel/framework/src/Illuminate/Pipeline/Pipeline.php(183): Illuminate/Cookie/Middleware/EncryptCookies->handle(Object(Illuminate/Http/Request), Object(Closure))
#37 C:/Users/hp/Downloads/blog-dashboard/vendor/laravel/framework/src/Illuminate/Pipeline/Pipeline.php(119): Illuminate/Pipeline/Pipeline->Illuminate/Pipeline/{closure}(Object(Illuminate/Http/Request))
#38 C:/Users/hp/Downloads/blog-dashboard/vendor/laravel/framework/src/Illuminate/Routing/Router.php(805): Illuminate/Pipeline/Pipeline->then(Object(Closure))
#39 C:/Users/hp/Downloads/blog-dashboard/vendor/laravel/framework/src/Illuminate/Routing/Router.php(784): Illuminate/Routing/Router->runRouteWithinStack(Object(Illuminate/Routing/Route), Object(Illuminate/Http/Request))
#40 C:/Users/hp/Downloads/blog-dashboard/vendor/laravel/framework/src/Illuminate/Routing/Router.php(748): Illuminate/Routing/Router->runRoute(Object(Illuminate/Http/Request), Object(Illuminate/Routing/Route))
#41 C:/Users/hp/Downloads/blog-dashboard/vendor/laravel/framework/src/Illuminate/Routing/Router.php(737): Illuminate/Routing/Router->dispatchToRoute(Object(Illuminate/Http/Request))
#42 C:/Users/hp/Downloads/blog-dashboard/vendor/laravel/framework/src/Illuminate/Foundation/Http/Kernel.php(200): Illuminate/Routing/Router->dispatch(Object(Illuminate/Http/Request))
#43 C:/Users/hp/Downloads/blog-dashboard/vendor/laravel/framework/src/Illuminate/Pipeline/Pipeline.php(144): Illuminate/Foundation/Http/Kernel->Illuminate/Foundation/Http/{closure}(Object(Illuminate/Http/Request))
#44 C:/Users/hp/Downloads/blog-dashboard/vendor/laravel/framework/src/Illuminate/Foundation/Http/Middleware/TransformsRequest.php(21): Illuminate/Pipeline/Pipeline->Illuminate/Pipeline/{closure}(Object(Illuminate/Http/Request))
#45 C:/Users/hp/Downloads/blog-dashboard/vendor/laravel/framework/src/Illuminate/Foundation/Http/Middleware/ConvertEmptyStringsToNull.php(31): Illuminate/Foundation/Http/Middleware/TransformsRequest->handle(Object(Illuminate/Http/Request), Object(Closure))
#46 C:/Users/hp/Downloads/blog-dashboard/vendor/laravel/framework/src/Illuminate/Pipeline/Pipeline.php(183): Illuminate/Foundation/Http/Middleware/ConvertEmptyStringsToNull->handle(Object(Illuminate/Http/Request), Object(Closure))
#47 C:/Users/hp/Downloads/blog-dashboard/vendor/laravel/framework/src/Illuminate/Foundation/Http/Middleware/TransformsRequest.php(21): Illuminate/Pipeline/Pipeline->Illuminate/Pipeline/{closure}(Object(Illuminate/Http/Request))
#48 C:/Users/hp/Downloads/blog-dashboard/vendor/laravel/framework/src/Illuminate/Foundation/Http/Middleware/TrimStrings.php(40): Illuminate/Foundation/Http/Middleware/TransformsRequest->handle(Object(Illuminate/Http/Request), Object(Closure))
#49 C:/Users/hp/Downloads/blog-dashboard/vendor/laravel/framework/src/Illuminate/Pipeline/Pipeline.php(183): Illuminate/Foundation/Http/Middleware/TrimStrings->handle(Object(Illuminate/Http/Request), Object(Closure))
#50 C:/Users/hp/Downloads/blog-dashboard/vendor/laravel/framework/src/Illuminate/Foundation/Http/Middleware/ValidatePostSize.php(27): Illuminate/Pipeline/Pipeline->Illuminate/Pipeline/{closure}(Object(Illuminate/Http/Request))
#51 C:/Users/hp/Downloads/blog-dashboard/vendor/laravel/framework/src/Illuminate/Pipeline/Pipeline.php(183): Illuminate/Foundation/Http/Middleware/ValidatePostSize->handle(Object(Illuminate/Http/Request), Object(Closure))
#52 C:/Users/hp/Downloads/blog-dashboard/vendor/laravel/framework/src/Illuminate/Foundation/Http/Middleware/PreventRequestsDuringMaintenance.php(99): Illuminate/Pipeline/Pipeline->Illuminate/Pipeline/{closure}(Object(Illuminate/Http/Request))
#53 C:/Users/hp/Downloads/blog-dashboard/vendor/laravel/framework/src/Illuminate/Pipeline/Pipeline.php(183): Illuminate/Foundation/Http/Middleware/PreventRequestsDuringMaintenance->handle(Object(Illuminate/Http/Request), Object(Closure))
#54 C:/Users/hp/Downloads/blog-dashboard/vendor/laravel/framework/src/Illuminate/Http/Middleware/HandleCors.php(49): Illuminate/Pipeline/Pipeline->Illuminate/Pipeline/{closure}(Object(Illuminate/Http/Request))
#55 C:/Users/hp/Downloads/blog-dashboard/vendor/laravel/framework/src/Illuminate/Pipeline/Pipeline.php(183): Illuminate/Http/Middleware/HandleCors->handle(Object(Illuminate/Http/Request), Object(Closure))
#56 C:/Users/hp/Downloads/blog-dashboard/vendor/laravel/framework/src/Illuminate/Http/Middleware/TrustProxies.php(39): Illuminate/Pipeline/Pipeline->Illuminate/Pipeline/{closure}(Object(Illuminate/Http/Request))
#57 C:/Users/hp/Downloads/blog-dashboard/vendor/laravel/framework/src/Illuminate/Pipeline/Pipeline.php(183): Illuminate/Http/Middleware/TrustProxies->handle(Object(Illuminate/Http/Request), Object(Closure))
#58 C:/Users/hp/Downloads/blog-dashboard/vendor/laravel/framework/src/Illuminate/Pipeline/Pipeline.php(119): Illuminate/Pipeline/Pipeline->Illuminate/Pipeline/{closure}(Object(Illuminate/Http/Request))
#59 C:/Users/hp/Downloads/blog-dashboard/vendor/laravel/framework/src/Illuminate/Foundation/Http/Kernel.php(175): Illuminate/Pipeline/Pipeline->then(Object(Closure))
#60 C:/Users/hp/Downloads/blog-dashboard/vendor/laravel/framework/src/Illuminate/Foundation/Http/Kernel.php(144): Illuminate/Foundation/Http/Kernel->sendRequestThroughRouter(Object(Illuminate/Http/Request))
#61 C:/Users/hp/Downloads/blog-dashboard/public/index.php(36): Illuminate/Foundation/Http/Kernel->handle(Object(Illuminate/Http/Request))
#62 C:/Users/hp/Downloads/blog-dashboard/server.php(21): require_once('C://Users//hp//Dow...')
#63 {main}

[previous exception] [object] (Illuminate\\Database\\SQLiteDatabaseDoesNotExistException(code: 0): Database file at path [database/database.sqlite] does not exist. Ensure this is an absolute path to the database. at C:/Users/hp/Downloads/blog-dashboard/vendor/laravel/framework/src/Illuminate/Database/Connectors/SQLiteConnector.php:34)
[stacktrace]
#0 C:/Users/hp/Downloads/blog-dashboard/vendor/laravel/framework/src/Illuminate/Database/Connectors/ConnectionFactory.php(221): Illuminate/Database/Connectors/SQLiteConnector->connect(Array)
#1 [internal function]: Illuminate/Database/Connectors/ConnectionFactory->Illuminate/Database/Connectors/{closure}()
#2 C:/Users/hp/Downloads/blog-dashboard/vendor/laravel/framework/src/Illuminate/Database/Connection.php(1339): call_user_func(Object(Closure))
#3 C:/Users/hp/Downloads/blog-dashboard/vendor/laravel/framework/src/Illuminate/Database/Connection.php(581): Illuminate/Database/Connection->getPdo()
#4 C:/Users/hp/Downloads/blog-dashboard/vendor/laravel/framework/src/Illuminate/Database/Connection.php(816): Illuminate/Database/Connection->Illuminate/Database/{closure}('PRAGMA foreign_...', Array)
#5 C:/Users/hp/Downloads/blog-dashboard/vendor/laravel/framework/src/Illuminate/Database/Connection.php(783): Illuminate/Database/Connection->runQueryCallback('PRAGMA foreign_...', Array, Object(Closure))
#6 C:/Users/hp/Downloads/blog-dashboard/vendor/laravel/framework/src/Illuminate/Database/Connection.php(576): Illuminate/Database/Connection->run('PRAGMA foreign_...', Array, Object(Closure))
#7 C:/Users/hp/Downloads/blog-dashboard/vendor/laravel/framework/src/Illuminate/Database/Schema/Builder.php(560): Illuminate/Database/Connection->statement('PRAGMA foreign_...')
#8 C:/Users/hp/Downloads/blog-dashboard/vendor/laravel/framework/src/Illuminate/Database/SQLiteConnection.php(36): Illuminate/Database/Schema/Builder->enableForeignKeyConstraints()
#9 C:/Users/hp/Downloads/blog-dashboard/vendor/laravel/framework/src/Illuminate/Database/Connectors/ConnectionFactory.php(272): Illuminate/Database/SQLiteConnection->__construct(Object(Closure), 'database/databa...', '', Array)
#10 C:/Users/hp/Downloads/blog-dashboard/vendor/laravel/framework/src/Illuminate/Database/Connectors/ConnectionFactory.php(75): Illuminate/Database/Connectors/ConnectionFactory->createConnection('sqlite', Object(Closure), 'database/databa...', '', Array)
#11 C:/Users/hp/Downloads/blog-dashboard/vendor/laravel/framework/src/Illuminate/Database/Connectors/ConnectionFactory.php(50): Illuminate/Database/Connectors/ConnectionFactory->createSingleConnection(Array)
#12 C:/Users/hp/Downloads/blog-dashboard/vendor/laravel/framework/src/Illuminate/Database/DatabaseManager.php(175): Illuminate/Database/Connectors/ConnectionFactory->make(Array, 'sqlite')
#13 C:/Users/hp/Downloads/blog-dashboard/vendor/laravel/framework/src/Illuminate/Database/DatabaseManager.php(101): Illuminate/Database/DatabaseManager->makeConnection('sqlite')
#14 C:/Users/hp/Downloads/blog-dashboard/vendor/laravel/framework/src/Illuminate/Database/Eloquent/Model.php(1820): Illuminate/Database/DatabaseManager->connection('sqlite')
#15 C:/Users/hp/Downloads/blog-dashboard/vendor/laravel/framework/src/Illuminate/Database/Eloquent/Model.php(1786): Illuminate/Database/Eloquent/Model::resolveConnection(NULL)
#16 C:/Users/hp/Downloads/blog-dashboard/vendor/laravel/framework/src/Illuminate/Database/Eloquent/Model.php(1577): Illuminate/Database/Eloquent/Model->getConnection()
#17 C:/Users/hp/Downloads/blog-dashboard/vendor/laravel/framework/src/Illuminate/Database/Eloquent/Model.php(1496): Illuminate/Database/Eloquent/Model->newBaseQueryBuilder()
#18 C:/Users/hp/Downloads/blog-dashboard/vendor/laravel/framework/src/Illuminate/Database/Eloquent/Model.php(1532): Illuminate/Database/Eloquent/Model->newModelQuery()
#19 C:/Users/hp/Downloads/blog-dashboard/vendor/laravel/framework/src/Illuminate/Database/Eloquent/Model.php(1485): Illuminate/Database/Eloquent/Model->newQueryWithoutScopes()
#20 C:/Users/hp/Downloads/blog-dashboard/vendor/laravel/framework/src/Illuminate/Database/Eloquent/Model.php(1475): Illuminate/Database/Eloquent/Model->newQuery()
#21 C:/Users/hp/Downloads/blog-dashboard/vendor/laravel/framework/src/Illuminate/Database/Eloquent/Model.php(688): Illuminate/Database/Eloquent/Model::query()
#22 C:/Users/hp/Downloads/blog-dashboard/app/Http/Controllers/BlogController.php(16): Illuminate/Database/Eloquent/Model::with('category')
#23 C:/Users/hp/Downloads/blog-dashboard/vendor/laravel/framework/src/Illuminate/Routing/Controller.php(54): App/Http/Controllers/BlogController->index()
#24 C:/Users/hp/Downloads/blog-dashboard/vendor/laravel/framework/src/Illuminate/Routing/ControllerDispatcher.php(43): Illuminate/Routing/Controller->callAction('index', Array)
#25 C:/Users/hp/Downloads/blog-dashboard/vendor/laravel/framework/src/Illuminate/Routing/Route.php(259): Illuminate/Routing/ControllerDispatcher->dispatch(Object(Illuminate/Routing/Route), Object(App/Http/Controllers/BlogController), 'index')
#26 C:/Users/hp/Downloads/blog-dashboard/vendor/laravel/framework/src/Illuminate/Routing/Route.php(205): Illuminate/Routing/Route->runController()
#27 C:/Users/hp/Downloads/blog-dashboard/vendor/laravel/framework/src/Illuminate/Routing/Router.php(806): Illuminate/Routing/Route->run()
#28 C:/Users/hp/Downloads/blog-dashboard/vendor/laravel/framework/src/Illuminate/Pipeline/Pipeline.php(144): Illuminate/Routing/Router->Illuminate/Routing/{closure}(Object(Illuminate/Http/Request))
#29 C:/Users/hp/Downloads/blog-dashboard/vendor/laravel/framework/src/Illuminate/Routing/Middleware/SubstituteBindings.php(50): Illuminate/Pipeline/Pipeline->Illuminate/Pipeline/{closure}(Object(Illuminate/Http/Request))
#30 C:/Users/hp/Downloads/blog-dashboard/vendor/laravel/framework/src/Illuminate/Pipeline/Pipeline.php(183): Illuminate/Routing/Middleware/SubstituteBindings->handle(Object(Illuminate/Http/Request), Object(Closure))
#31 C:/Users/hp/Downloads/blog-dashboard/vendor/laravel/framework/src/Illuminate/Foundation/Http/Middleware/VerifyCsrfToken.php(78): Illuminate/Pipeline/Pipeline->Illuminate/Pipeline/{closure}(Object(Illuminate/Http/Request))
#32 C:/Users/hp/Downloads/blog-dashboard/vendor/laravel/framework/src/Illuminate/Pipeline/Pipeline.php(183): Illuminate/Foundation/Http/Middleware/VerifyCsrfToken->handle(Object(Illuminate/Http/Request), Object(Closure))
#33 C:/Users/hp/Downloads/blog-dashboard/vendor/laravel/framework/src/Illuminate/View/Middleware/ShareErrorsFromSession.php(49): Illuminate/Pipeline/Pipeline->Illuminate/Pipeline/{closure}(Object(Illuminate/Http/Request))
#34 C:/Users/hp/Downloads/blog-dashboard/vendor/laravel/framework/src/Illuminate/Pipeline/Pipeline.php(183): Illuminate/View/Middleware/ShareErrorsFromSession->handle(Object(Illuminate/Http/Request), Object(Closure))
#35 C:/Users/hp/Downloads/blog-dashboard/vendor/laravel/framework/src/Illuminate/Session/Middleware/StartSession.php(121): Illuminate/Pipeline/Pipeline->Illuminate/Pipeline/{closure}(Object(Illuminate/Http/Request))
#36 C:/Users/hp/Downloads/blog-dashboard/vendor/laravel/framework/src/Illuminate/Session/Middleware/StartSession.php(64): Illuminate/Session/Middleware/StartSession->handleStatefulRequest(Object(Illuminate/Http/Request), Object(Illuminate/Session/Store), Object(Closure))
#37 C:/Users/hp/Downloads/blog-dashboard/vendor/laravel/framework/src/Illuminate/Pipeline/Pipeline.php(183): Illuminate/Session/Middleware/StartSession->handle(Object(Illuminate/Http/Request), Object(Closure))
#38 C:/Users/hp/Downloads/blog-dashboard/vendor/laravel/framework/src/Illuminate/Cookie/Middleware/AddQueuedCookiesToResponse.php(37): Illuminate/Pipeline/Pipeline->Illuminate/Pipeline/{closure}(Object(Illuminate/Http/Request))
#39 C:/Users/hp/Downloads/blog-dashboard/vendor/laravel/framework/src/Illuminate/Pipeline/Pipeline.php(183): Illuminate/Cookie/Middleware/AddQueuedCookiesToResponse->handle(Object(Illuminate/Http/Request), Object(Closure))
#40 C:/Users/hp/Downloads/blog-dashboard/vendor/laravel/framework/src/Illuminate/Cookie/Middleware/EncryptCookies.php(67): Illuminate/Pipeline/Pipeline->Illuminate/Pipeline/{closure}(Object(Illuminate/Http/Request))
#41 C:/Users/hp/Downloads/blog-dashboard/vendor/laravel/framework/src/Illuminate/Pipeline/Pipeline.php(183): Illuminate/Cookie/Middleware/EncryptCookies->handle(Object(Illuminate/Http/Request), Object(Closure))
#42 C:/Users/hp/Downloads/blog-dashboard/vendor/laravel/framework/src/Illuminate/Pipeline/Pipeline.php(119): Illuminate/Pipeline/Pipeline->Illuminate/Pipeline/{closure}(Object(Illuminate/Http/Request))
#43 C:/Users/hp/Downloads/blog-dashboard/vendor/laravel/framework/src/Illuminate/Routing/Router.php(805): Illuminate/Pipeline/Pipeline->then(Object(Closure))
#44 C:/Users/hp/Downloads/blog-dashboard/vendor/laravel/framework/src/Illuminate/Routing/Router.php(784): Illuminate/Routing/Router->runRouteWithinStack(Object(Illuminate/Routing/Route), Object(Illuminate/Http/Request))
#45 C:/Users/hp/Downloads/blog-dashboard/vendor/laravel/framework/src/Illuminate/Routing/Router.php(748): Illuminate/Routing/Router->runRoute(Object(Illuminate/Http/Request), Object(Illuminate/Routing/Route))
#46 C:/Users/hp/Downloads/blog-dashboard/vendor/laravel/framework/src/Illuminate/Routing/Router.php(737): Illuminate/Routing/Router->dispatchToRoute(Object(Illuminate/Http/Request))
#47 C:/Users/hp/Downloads/blog-dashboard/vendor/laravel/framework/src/Illuminate/Foundation/Http/Kernel.php(200): Illuminate/Routing/Router->dispatch(Object(Illuminate/Http/Request))
#48 C:/Users/hp/Downloads/blog-dashboard/vendor/laravel/framework/src/Illuminate/Pipeline/Pipeline.php(144): Illuminate/Foundation/Http/Kernel->Illuminate/Foundation/Http/{closure}(Object(Illuminate/Http/Request))
#49 C:/Users/hp/Downloads/blog-dashboard/vendor/laravel/framework/src/Illuminate/Foundation/Http/Middleware/TransformsRequest.php(21): Illuminate/Pipeline/Pipeline->Illuminate/Pipeline/{closure}(Object(Illuminate/Http/Request))
#50 C:/Users/hp/Downloads/blog-dashboard/vendor/laravel/framework/src/Illuminate/Foundation/Http/Middleware/ConvertEmptyStringsToNull.php(31): Illuminate/Foundation/Http/Middleware/TransformsRequest->handle(Object(Illuminate/Http/Request), Object(Closure))
#51 C:/Users/hp/Downloads/blog-dashboard/vendor/laravel/framework/src/Illuminate/Pipeline/Pipeline.php(183): Illuminate/Foundation/Http/Middleware/ConvertEmptyStringsToNull->handle(Object(Illuminate/Http/Request), Object(Closure))
#52 C:/Users/hp/Downloads/blog-dashboard/vendor/laravel/framework/src/Illuminate/Foundation/Http/Middleware/TransformsRequest.php(21): Illuminate/Pipeline/Pipeline->Illuminate/Pipeline/{closure}(Object(Illuminate/Http/Request))
#53 C:/Users/hp/Downloads/blog-dashboard/vendor/laravel/framework/src/Illuminate/Foundation/Http/Middleware/TrimStrings.php(40): Illuminate/Foundation/Http/Middleware/TransformsRequest->handle(Object(Illuminate/Http/Request), Object(Closure))
#54 C:/Users/hp/Downloads/blog-dashboard/vendor/laravel/framework/src/Illuminate/Pipeline/Pipeline.php(183): Illuminate/Foundation/Http/Middleware/TrimStrings->handle(Object(Illuminate/Http/Request), Object(Closure))
#55 C:/Users/hp/Downloads/blog-dashboard/vendor/laravel/framework/src/Illuminate/Foundation/Http/Middleware/ValidatePostSize.php(27): Illuminate/Pipeline/Pipeline->Illuminate/Pipeline/{closure}(Object(Illuminate/Http/Request))
#56 C:/Users/hp/Downloads/blog-dashboard/vendor/laravel/framework/src/Illuminate/Pipeline/Pipeline.php(183): Illuminate/Foundation/Http/Middleware/ValidatePostSize->handle(Object(Illuminate/Http/Request), Object(Closure))
#57 C:/Users/hp/Downloads/blog-dashboard/vendor/laravel/framework/src/Illuminate/Foundation/Http/Middleware/PreventRequestsDuringMaintenance.php(99): Illuminate/Pipeline/Pipeline->Illuminate/Pipeline/{closure}(Object(Illuminate/Http/Request))
#58 C:/Users/hp/Downloads/blog-dashboard/vendor/laravel/framework/src/Illuminate/Pipeline/Pipeline.php(183): Illuminate/Foundation/Http/Middleware/PreventRequestsDuringMaintenance->handle(Object(Illuminate/Http/Request), Object(Closure))
#59 C:/Users/hp/Downloads/blog-dashboard/vendor/laravel/framework/src/Illuminate/Http/Middleware/HandleCors.php(49): Illuminate/Pipeline/Pipeline->Illuminate/Pipeline/{closure}(Object(Illuminate/Http/Request))
#60 C:/Users/hp/Downloads/blog-dashboard/vendor/laravel/framework/src/Illuminate/Pipeline/Pipeline.php(183): Illuminate/Http/Middleware/HandleCors->handle(Object(Illuminate/Http/Request), Object(Closure))
#61 C:/Users/hp/Downloads/blog-dashboard/vendor/laravel/framework/src/Illuminate/Http/Middleware/TrustProxies.php(39): Illuminate/Pipeline/Pipeline->Illuminate/Pipeline/{closure}(Object(Illuminate/Http/Request))
#62 C:/Users/hp/Downloads/blog-dashboard/vendor/laravel/framework/src/Illuminate/Pipeline/Pipeline.php(183): Illuminate/Http/Middleware/TrustProxies->handle(Object(Illuminate/Http/Request), Object(Closure))
#63 C:/Users/hp/Downloads/blog-dashboard/vendor/laravel/framework/src/Illuminate/Pipeline/Pipeline.php(119): Illuminate/Pipeline/Pipeline->Illuminate/Pipeline/{closure}(Object(Illuminate/Http/Request))
#64 C:/Users/hp/Downloads/blog-dashboard/vendor/laravel/framework/src/Illuminate/Foundation/Http/Kernel.php(175): Illuminate/Pipeline/Pipeline->then(Object(Closure))
#65 C:/Users/hp/Downloads/blog-dashboard/vendor/laravel/framework/src/Illuminate/Foundation/Http/Kernel.php(144): Illuminate/Foundation/Http/Kernel->sendRequestThroughRouter(Object(Illuminate/Http/Request))
#66 C:/Users/hp/Downloads/blog-dashboard/public/index.php(36): Illuminate/Foundation/Http/Kernel->handle(Object(Illuminate/Http/Request))
#67 C:/Users/hp/Downloads/blog-dashboard/server.php(21): require_once('C://Users//hp//Dow...')
#68 {main}
"} 
[2026-06-11 12:03:45] local.ERROR: SQLSTATE[HY000]: General error: 1 no such table: blogs (Connection: sqlite, SQL: select count(*) as aggregate from "blogs") {"exception":"[object] (Illuminate\\Database\\QueryException(code: HY000): SQLSTATE[HY000]: General error: 1 no such table: blogs (Connection: sqlite, SQL: select count(*) as aggregate from \"blogs\") at C:/Users/hp/Downloads/blog-dashboard/vendor/laravel/framework/src/Illuminate/Database/Connection.php:829)
[stacktrace]
#0 C:/Users/hp/Downloads/blog-dashboard/vendor/laravel/framework/src/Illuminate/Database/Connection.php(783): Illuminate/Database/Connection->runQueryCallback('select count(*)...', Array, Object(Closure))
#1 C:/Users/hp/Downloads/blog-dashboard/vendor/laravel/framework/src/Illuminate/Database/Connection.php(414): Illuminate/Database/Connection->run('select count(*)...', Array, Object(Closure))
#2 C:/Users/hp/Downloads/blog-dashboard/vendor/laravel/framework/src/Illuminate/Database/Query/Builder.php(2913): Illuminate/Database/Connection->select('select count(*)...', Array, true)
#3 C:/Users/hp/Downloads/blog-dashboard/vendor/laravel/framework/src/Illuminate/Database/Query/Builder.php(2902): Illuminate/Database/Query/Builder->runSelect()
#4 C:/Users/hp/Downloads/blog-dashboard/vendor/laravel/framework/src/Illuminate/Database/Query/Builder.php(3456): Illuminate/Database/Query/Builder->Illuminate/Database/Query/{closure}()
#5 C:/Users/hp/Downloads/blog-dashboard/vendor/laravel/framework/src/Illuminate/Database/Query/Builder.php(2901): Illuminate/Database/Query/Builder->onceWithColumns(Array, Object(Closure))
#6 C:/Users/hp/Downloads/blog-dashboard/vendor/laravel/framework/src/Illuminate/Database/Query/Builder.php(3066): Illuminate/Database/Query/Builder->get()
#7 C:/Users/hp/Downloads/blog-dashboard/vendor/laravel/framework/src/Illuminate/Database/Query/Builder.php(3025): Illuminate/Database/Query/Builder->runPaginationCountQuery(Array)
#8 C:/Users/hp/Downloads/blog-dashboard/vendor/laravel/framework/src/Illuminate/Database/Eloquent/Builder.php(923): Illuminate/Database/Query/Builder->getCountForPagination()
#9 C:/Users/hp/Downloads/blog-dashboard/app/Http/Controllers/BlogController.php(16): Illuminate/Database/Eloquent/Builder->paginate(9)
#10 C:/Users/hp/Downloads/blog-dashboard/vendor/laravel/framework/src/Illuminate/Routing/Controller.php(54): App/Http/Controllers/BlogController->index()
#11 C:/Users/hp/Downloads/blog-dashboard/vendor/laravel/framework/src/Illuminate/Routing/ControllerDispatcher.php(43): Illuminate/Routing/Controller->callAction('index', Array)
#12 C:/Users/hp/Downloads/blog-dashboard/vendor/laravel/framework/src/Illuminate/Routing/Route.php(259): Illuminate/Routing/ControllerDispatcher->dispatch(Object(Illuminate/Routing/Route), Object(App/Http/Controllers/BlogController), 'index')
#13 C:/Users/hp/Downloads/blog-dashboard/vendor/laravel/framework/src/Illuminate/Routing/Route.php(205): Illuminate/Routing/Route->runController()
#14 C:/Users/hp/Downloads/blog-dashboard/vendor/laravel/framework/src/Illuminate/Routing/Router.php(806): Illuminate/Routing/Route->run()
#15 C:/Users/hp/Downloads/blog-dashboard/vendor/laravel/framework/src/Illuminate/Pipeline/Pipeline.php(144): Illuminate/Routing/Router->Illuminate/Routing/{closure}(Object(Illuminate/Http/Request))
#16 C:/Users/hp/Downloads/blog-dashboard/vendor/laravel/framework/src/Illuminate/Routing/Middleware/SubstituteBindings.php(50): Illuminate/Pipeline/Pipeline->Illuminate/Pipeline/{closure}(Object(Illuminate/Http/Request))
#17 C:/Users/hp/Downloads/blog-dashboard/vendor/laravel/framework/src/Illuminate/Pipeline/Pipeline.php(183): Illuminate/Routing/Middleware/SubstituteBindings->handle(Object(Illuminate/Http/Request), Object(Closure))
#18 C:/Users/hp/Downloads/blog-dashboard/vendor/laravel/framework/src/Illuminate/Foundation/Http/Middleware/VerifyCsrfToken.php(78): Illuminate/Pipeline/Pipeline->Illuminate/Pipeline/{closure}(Object(Illuminate/Http/Request))
#19 C:/Users/hp/Downloads/blog-dashboard/vendor/laravel/framework/src/Illuminate/Pipeline/Pipeline.php(183): Illuminate/Foundation/Http/Middleware/VerifyCsrfToken->handle(Object(Illuminate/Http/Request), Object(Closure))
#20 C:/Users/hp/Downloads/blog-dashboard/vendor/laravel/framework/src/Illuminate/View/Middleware/ShareErrorsFromSession.php(49): Illuminate/Pipeline/Pipeline->Illuminate/Pipeline/{closure}(Object(Illuminate/Http/Request))
#21 C:/Users/hp/Downloads/blog-dashboard/vendor/laravel/framework/src/Illuminate/Pipeline/Pipeline.php(183): Illuminate/View/Middleware/ShareErrorsFromSession->handle(Object(Illuminate/Http/Request), Object(Closure))
#22 C:/Users/hp/Downloads/blog-dashboard/vendor/laravel/framework/src/Illuminate/Session/Middleware/StartSession.php(121): Illuminate/Pipeline/Pipeline->Illuminate/Pipeline/{closure}(Object(Illuminate/Http/Request))
#23 C:/Users/hp/Downloads/blog-dashboard/vendor/laravel/framework/src/Illuminate/Session/Middleware/StartSession.php(64): Illuminate/Session/Middleware/StartSession->handleStatefulRequest(Object(Illuminate/Http/Request), Object(Illuminate/Session/Store), Object(Closure))
#24 C:/Users/hp/Downloads/blog-dashboard/vendor/laravel/framework/src/Illuminate/Pipeline/Pipeline.php(183): Illuminate/Session/Middleware/StartSession->handle(Object(Illuminate/Http/Request), Object(Closure))
#25 C:/Users/hp/Downloads/blog-dashboard/vendor/laravel/framework/src/Illuminate/Cookie/Middleware/AddQueuedCookiesToResponse.php(37): Illuminate/Pipeline/Pipeline->Illuminate/Pipeline/{closure}(Object(Illuminate/Http/Request))
#26 C:/Users/hp/Downloads/blog-dashboard/vendor/laravel/framework/src/Illuminate/Pipeline/Pipeline.php(183): Illuminate/Cookie/Middleware/AddQueuedCookiesToResponse->handle(Object(Illuminate/Http/Request), Object(Closure))
#27 C:/Users/hp/Downloads/blog-dashboard/vendor/laravel/framework/src/Illuminate/Cookie/Middleware/EncryptCookies.php(67): Illuminate/Pipeline/Pipeline->Illuminate/Pipeline/{closure}(Object(Illuminate/Http/Request))
#28 C:/Users/hp/Downloads/blog-dashboard/vendor/laravel/framework/src/Illuminate/Pipeline/Pipeline.php(183): Illuminate/Cookie/Middleware/EncryptCookies->handle(Object(Illuminate/Http/Request), Object(Closure))
#29 C:/Users/hp/Downloads/blog-dashboard/vendor/laravel/framework/src/Illuminate/Pipeline/Pipeline.php(119): Illuminate/Pipeline/Pipeline->Illuminate/Pipeline/{closure}(Object(Illuminate/Http/Request))
#30 C:/Users/hp/Downloads/blog-dashboard/vendor/laravel/framework/src/Illuminate/Routing/Router.php(805): Illuminate/Pipeline/Pipeline->then(Object(Closure))
#31 C:/Users/hp/Downloads/blog-dashboard/vendor/laravel/framework/src/Illuminate/Routing/Router.php(784): Illuminate/Routing/Router->runRouteWithinStack(Object(Illuminate/Routing/Route), Object(Illuminate/Http/Request))
#32 C:/Users/hp/Downloads/blog-dashboard/vendor/laravel/framework/src/Illuminate/Routing/Router.php(748): Illuminate/Routing/Router->runRoute(Object(Illuminate/Http/Request), Object(Illuminate/Routing/Route))
#33 C:/Users/hp/Downloads/blog-dashboard/vendor/laravel/framework/src/Illuminate/Routing/Router.php(737): Illuminate/Routing/Router->dispatchToRoute(Object(Illuminate/Http/Request))
#34 C:/Users/hp/Downloads/blog-dashboard/vendor/laravel/framework/src/Illuminate/Foundation/Http/Kernel.php(200): Illuminate/Routing/Router->dispatch(Object(Illuminate/Http/Request))
#35 C:/Users/hp/Downloads/blog-dashboard/vendor/laravel/framework/src/Illuminate/Pipeline/Pipeline.php(144): Illuminate/Foundation/Http/Kernel->Illuminate/Foundation/Http/{closure}(Object(Illuminate/Http/Request))
#36 C:/Users/hp/Downloads/blog-dashboard/vendor/laravel/framework/src/Illuminate/Foundation/Http/Middleware/TransformsRequest.php(21): Illuminate/Pipeline/Pipeline->Illuminate/Pipeline/{closure}(Object(Illuminate/Http/Request))
#37 C:/Users/hp/Downloads/blog-dashboard/vendor/laravel/framework/src/Illuminate/Foundation/Http/Middleware/ConvertEmptyStringsToNull.php(31): Illuminate/Foundation/Http/Middleware/TransformsRequest->handle(Object(Illuminate/Http/Request), Object(Closure))
#38 C:/Users/hp/Downloads/blog-dashboard/vendor/laravel/framework/src/Illuminate/Pipeline/Pipeline.php(183): Illuminate/Foundation/Http/Middleware/ConvertEmptyStringsToNull->handle(Object(Illuminate/Http/Request), Object(Closure))
#39 C:/Users/hp/Downloads/blog-dashboard/vendor/laravel/framework/src/Illuminate/Foundation/Http/Middleware/TransformsRequest.php(21): Illuminate/Pipeline/Pipeline->Illuminate/Pipeline/{closure}(Object(Illuminate/Http/Request))
#40 C:/Users/hp/Downloads/blog-dashboard/vendor/laravel/framework/src/Illuminate/Foundation/Http/Middleware/TrimStrings.php(40): Illuminate/Foundation/Http/Middleware/TransformsRequest->handle(Object(Illuminate/Http/Request), Object(Closure))
#41 C:/Users/hp/Downloads/blog-dashboard/vendor/laravel/framework/src/Illuminate/Pipeline/Pipeline.php(183): Illuminate/Foundation/Http/Middleware/TrimStrings->handle(Object(Illuminate/Http/Request), Object(Closure))
#42 C:/Users/hp/Downloads/blog-dashboard/vendor/laravel/framework/src/Illuminate/Foundation/Http/Middleware/ValidatePostSize.php(27): Illuminate/Pipeline/Pipeline->Illuminate/Pipeline/{closure}(Object(Illuminate/Http/Request))
#43 C:/Users/hp/Downloads/blog-dashboard/vendor/laravel/framework/src/Illuminate/Pipeline/Pipeline.php(183): Illuminate/Foundation/Http/Middleware/ValidatePostSize->handle(Object(Illuminate/Http/Request), Object(Closure))
#44 C:/Users/hp/Downloads/blog-dashboard/vendor/laravel/framework/src/Illuminate/Foundation/Http/Middleware/PreventRequestsDuringMaintenance.php(99): Illuminate/Pipeline/Pipeline->Illuminate/Pipeline/{closure}(Object(Illuminate/Http/Request))
#45 C:/Users/hp/Downloads/blog-dashboard/vendor/laravel/framework/src/Illuminate/Pipeline/Pipeline.php(183): Illuminate/Foundation/Http/Middleware/PreventRequestsDuringMaintenance->handle(Object(Illuminate/Http/Request), Object(Closure))
#46 C:/Users/hp/Downloads/blog-dashboard/vendor/laravel/framework/src/Illuminate/Http/Middleware/HandleCors.php(49): Illuminate/Pipeline/Pipeline->Illuminate/Pipeline/{closure}(Object(Illuminate/Http/Request))
#47 C:/Users/hp/Downloads/blog-dashboard/vendor/laravel/framework/src/Illuminate/Pipeline/Pipeline.php(183): Illuminate/Http/Middleware/HandleCors->handle(Object(Illuminate/Http/Request), Object(Closure))
#48 C:/Users/hp/Downloads/blog-dashboard/vendor/laravel/framework/src/Illuminate/Http/Middleware/TrustProxies.php(39): Illuminate/Pipeline/Pipeline->Illuminate/Pipeline/{closure}(Object(Illuminate/Http/Request))
#49 C:/Users/hp/Downloads/blog-dashboard/vendor/laravel/framework/src/Illuminate/Pipeline/Pipeline.php(183): Illuminate/Http/Middleware/TrustProxies->handle(Object(Illuminate/Http/Request), Object(Closure))
#50 C:/Users/hp/Downloads/blog-dashboard/vendor/laravel/framework/src/Illuminate/Pipeline/Pipeline.php(119): Illuminate/Pipeline/Pipeline->Illuminate/Pipeline/{closure}(Object(Illuminate/Http/Request))
#51 C:/Users/hp/Downloads/blog-dashboard/vendor/laravel/framework/src/Illuminate/Foundation/Http/Kernel.php(175): Illuminate/Pipeline/Pipeline->then(Object(Closure))
#52 C:/Users/hp/Downloads/blog-dashboard/vendor/laravel/framework/src/Illuminate/Foundation/Http/Kernel.php(144): Illuminate/Foundation/Http/Kernel->sendRequestThroughRouter(Object(Illuminate/Http/Request))
#53 C:/Users/hp/Downloads/blog-dashboard/public/index.php(36): Illuminate/Foundation/Http/Kernel->handle(Object(Illuminate/Http/Request))
#54 C:/Users/hp/Downloads/blog-dashboard/server.php(21): require_once('C://Users//hp//Dow...')
#55 {main}

[previous exception] [object] (PDOException(code: HY000): SQLSTATE[HY000]: General error: 1 no such table: blogs at C:/Users/hp/Downloads/blog-dashboard/vendor/laravel/framework/src/Illuminate/Database/Connection.php:423)
[stacktrace]
#0 C:/Users/hp/Downloads/blog-dashboard/vendor/laravel/framework/src/Illuminate/Database/Connection.php(423): PDO->prepare('select count(*)...')
#1 C:/Users/hp/Downloads/blog-dashboard/vendor/laravel/framework/src/Illuminate/Database/Connection.php(816): Illuminate/Database/Connection->Illuminate/Database/{closure}('select count(*)...', Array)
#2 C:/Users/hp/Downloads/blog-dashboard/vendor/laravel/framework/src/Illuminate/Database/Connection.php(783): Illuminate/Database/Connection->runQueryCallback('select count(*)...', Array, Object(Closure))
#3 C:/Users/hp/Downloads/blog-dashboard/vendor/laravel/framework/src/Illuminate/Database/Connection.php(414): Illuminate/Database/Connection->run('select count(*)...', Array, Object(Closure))
#4 C:/Users/hp/Downloads/blog-dashboard/vendor/laravel/framework/src/Illuminate/Database/Query/Builder.php(2913): Illuminate/Database/Connection->select('select count(*)...', Array, true)
#5 C:/Users/hp/Downloads/blog-dashboard/vendor/laravel/framework/src/Illuminate/Database/Query/Builder.php(2902): Illuminate/Database/Query/Builder->runSelect()
#6 C:/Users/hp/Downloads/blog-dashboard/vendor/laravel/framework/src/Illuminate/Database/Query/Builder.php(3456): Illuminate/Database/Query/Builder->Illuminate/Database/Query/{closure}()
#7 C:/Users/hp/Downloads/blog-dashboard/vendor/laravel/framework/src/Illuminate/Database/Query/Builder.php(2901): Illuminate/Database/Query/Builder->onceWithColumns(Array, Object(Closure))
#8 C:/Users/hp/Downloads/blog-dashboard/vendor/laravel/framework/src/Illuminate/Database/Query/Builder.php(3066): Illuminate/Database/Query/Builder->get()
#9 C:/Users/hp/Downloads/blog-dashboard/vendor/laravel/framework/src/Illuminate/Database/Query/Builder.php(3025): Illuminate/Database/Query/Builder->runPaginationCountQuery(Array)
#10 C:/Users/hp/Downloads/blog-dashboard/vendor/laravel/framework/src/Illuminate/Database/Eloquent/Builder.php(923): Illuminate/Database/Query/Builder->getCountForPagination()
#11 C:/Users/hp/Downloads/blog-dashboard/app/Http/Controllers/BlogController.php(16): Illuminate/Database/Eloquent/Builder->paginate(9)
#12 C:/Users/hp/Downloads/blog-dashboard/vendor/laravel/framework/src/Illuminate/Routing/Controller.php(54): App/Http/Controllers/BlogController->index()
#13 C:/Users/hp/Downloads/blog-dashboard/vendor/laravel/framework/src/Illuminate/Routing/ControllerDispatcher.php(43): Illuminate/Routing/Controller->callAction('index', Array)
#14 C:/Users/hp/Downloads/blog-dashboard/vendor/laravel/framework/src/Illuminate/Routing/Route.php(259): Illuminate/Routing/ControllerDispatcher->dispatch(Object(Illuminate/Routing/Route), Object(App/Http/Controllers/BlogController), 'index')
#15 C:/Users/hp/Downloads/blog-dashboard/vendor/laravel/framework/src/Illuminate/Routing/Route.php(205): Illuminate/Routing/Route->runController()
#16 C:/Users/hp/Downloads/blog-dashboard/vendor/laravel/framework/src/Illuminate/Routing/Router.php(806): Illuminate/Routing/Route->run()
#17 C:/Users/hp/Downloads/blog-dashboard/vendor/laravel/framework/src/Illuminate/Pipeline/Pipeline.php(144): Illuminate/Routing/Router->Illuminate/Routing/{closure}(Object(Illuminate/Http/Request))
#18 C:/Users/hp/Downloads/blog-dashboard/vendor/laravel/framework/src/Illuminate/Routing/Middleware/SubstituteBindings.php(50): Illuminate/Pipeline/Pipeline->Illuminate/Pipeline/{closure}(Object(Illuminate/Http/Request))
#19 C:/Users/hp/Downloads/blog-dashboard/vendor/laravel/framework/src/Illuminate/Pipeline/Pipeline.php(183): Illuminate/Routing/Middleware/SubstituteBindings->handle(Object(Illuminate/Http/Request), Object(Closure))
#20 C:/Users/hp/Downloads/blog-dashboard/vendor/laravel/framework/src/Illuminate/Foundation/Http/Middleware/VerifyCsrfToken.php(78): Illuminate/Pipeline/Pipeline->Illuminate/Pipeline/{closure}(Object(Illuminate/Http/Request))
#21 C:/Users/hp/Downloads/blog-dashboard/vendor/laravel/framework/src/Illuminate/Pipeline/Pipeline.php(183): Illuminate/Foundation/Http/Middleware/VerifyCsrfToken->handle(Object(Illuminate/Http/Request), Object(Closure))
#22 C:/Users/hp/Downloads/blog-dashboard/vendor/laravel/framework/src/Illuminate/View/Middleware/ShareErrorsFromSession.php(49): Illuminate/Pipeline/Pipeline->Illuminate/Pipeline/{closure}(Object(Illuminate/Http/Request))
#23 C:/Users/hp/Downloads/blog-dashboard/vendor/laravel/framework/src/Illuminate/Pipeline/Pipeline.php(183): Illuminate/View/Middleware/ShareErrorsFromSession->handle(Object(Illuminate/Http/Request), Object(Closure))
#24 C:/Users/hp/Downloads/blog-dashboard/vendor/laravel/framework/src/Illuminate/Session/Middleware/StartSession.php(121): Illuminate/Pipeline/Pipeline->Illuminate/Pipeline/{closure}(Object(Illuminate/Http/Request))
#25 C:/Users/hp/Downloads/blog-dashboard/vendor/laravel/framework/src/Illuminate/Session/Middleware/StartSession.php(64): Illuminate/Session/Middleware/StartSession->handleStatefulRequest(Object(Illuminate/Http/Request), Object(Illuminate/Session/Store), Object(Closure))
#26 C:/Users/hp/Downloads/blog-dashboard/vendor/laravel/framework/src/Illuminate/Pipeline/Pipeline.php(183): Illuminate/Session/Middleware/StartSession->handle(Object(Illuminate/Http/Request), Object(Closure))
#27 C:/Users/hp/Downloads/blog-dashboard/vendor/laravel/framework/src/Illuminate/Cookie/Middleware/AddQueuedCookiesToResponse.php(37): Illuminate/Pipeline/Pipeline->Illuminate/Pipeline/{closure}(Object(Illuminate/Http/Request))
#28 C:/Users/hp/Downloads/blog-dashboard/vendor/laravel/framework/src/Illuminate/Pipeline/Pipeline.php(183): Illuminate/Cookie/Middleware/AddQueuedCookiesToResponse->handle(Object(Illuminate/Http/Request), Object(Closure))
#29 C:/Users/hp/Downloads/blog-dashboard/vendor/laravel/framework/src/Illuminate/Cookie/Middleware/EncryptCookies.php(67): Illuminate/Pipeline/Pipeline->Illuminate/Pipeline/{closure}(Object(Illuminate/Http/Request))
#30 C:/Users/hp/Downloads/blog-dashboard/vendor/laravel/framework/src/Illuminate/Pipeline/Pipeline.php(183): Illuminate/Cookie/Middleware/EncryptCookies->handle(Object(Illuminate/Http/Request), Object(Closure))
#31 C:/Users/hp/Downloads/blog-dashboard/vendor/laravel/framework/src/Illuminate/Pipeline/Pipeline.php(119): Illuminate/Pipeline/Pipeline->Illuminate/Pipeline/{closure}(Object(Illuminate/Http/Request))
#32 C:/Users/hp/Downloads/blog-dashboard/vendor/laravel/framework/src/Illuminate/Routing/Router.php(805): Illuminate/Pipeline/Pipeline->then(Object(Closure))
#33 C:/Users/hp/Downloads/blog-dashboard/vendor/laravel/framework/src/Illuminate/Routing/Router.php(784): Illuminate/Routing/Router->runRouteWithinStack(Object(Illuminate/Routing/Route), Object(Illuminate/Http/Request))
#34 C:/Users/hp/Downloads/blog-dashboard/vendor/laravel/framework/src/Illuminate/Routing/Router.php(748): Illuminate/Routing/Router->runRoute(Object(Illuminate/Http/Request), Object(Illuminate/Routing/Route))
#35 C:/Users/hp/Downloads/blog-dashboard/vendor/laravel/framework/src/Illuminate/Routing/Router.php(737): Illuminate/Routing/Router->dispatchToRoute(Object(Illuminate/Http/Request))
#36 C:/Users/hp/Downloads/blog-dashboard/vendor/laravel/framework/src/Illuminate/Foundation/Http/Kernel.php(200): Illuminate/Routing/Router->dispatch(Object(Illuminate/Http/Request))
#37 C:/Users/hp/Downloads/blog-dashboard/vendor/laravel/framework/src/Illuminate/Pipeline/Pipeline.php(144): Illuminate/Foundation/Http/Kernel->Illuminate/Foundation/Http/{closure}(Object(Illuminate/Http/Request))
#38 C:/Users/hp/Downloads/blog-dashboard/vendor/laravel/framework/src/Illuminate/Foundation/Http/Middleware/TransformsRequest.php(21): Illuminate/Pipeline/Pipeline->Illuminate/Pipeline/{closure}(Object(Illuminate/Http/Request))
#39 C:/Users/hp/Downloads/blog-dashboard/vendor/laravel/framework/src/Illuminate/Foundation/Http/Middleware/ConvertEmptyStringsToNull.php(31): Illuminate/Foundation/Http/Middleware/TransformsRequest->handle(Object(Illuminate/Http/Request), Object(Closure))
#40 C:/Users/hp/Downloads/blog-dashboard/vendor/laravel/framework/src/Illuminate/Pipeline/Pipeline.php(183): Illuminate/Foundation/Http/Middleware/ConvertEmptyStringsToNull->handle(Object(Illuminate/Http/Request), Object(Closure))
#41 C:/Users/hp/Downloads/blog-dashboard/vendor/laravel/framework/src/Illuminate/Foundation/Http/Middleware/TransformsRequest.php(21): Illuminate/Pipeline/Pipeline->Illuminate/Pipeline/{closure}(Object(Illuminate/Http/Request))
#42 C:/Users/hp/Downloads/blog-dashboard/vendor/laravel/framework/src/Illuminate/Foundation/Http/Middleware/TrimStrings.php(40): Illuminate/Foundation/Http/Middleware/TransformsRequest->handle(Object(Illuminate/Http/Request), Object(Closure))
#43 C:/Users/hp/Downloads/blog-dashboard/vendor/laravel/framework/src/Illuminate/Pipeline/Pipeline.php(183): Illuminate/Foundation/Http/Middleware/TrimStrings->handle(Object(Illuminate/Http/Request), Object(Closure))
#44 C:/Users/hp/Downloads/blog-dashboard/vendor/laravel/framework/src/Illuminate/Foundation/Http/Middleware/ValidatePostSize.php(27): Illuminate/Pipeline/Pipeline->Illuminate/Pipeline/{closure}(Object(Illuminate/Http/Request))
#45 C:/Users/hp/Downloads/blog-dashboard/vendor/laravel/framework/src/Illuminate/Pipeline/Pipeline.php(183): Illuminate/Foundation/Http/Middleware/ValidatePostSize->handle(Object(Illuminate/Http/Request), Object(Closure))
#46 C:/Users/hp/Downloads/blog-dashboard/vendor/laravel/framework/src/Illuminate/Foundation/Http/Middleware/PreventRequestsDuringMaintenance.php(99): Illuminate/Pipeline/Pipeline->Illuminate/Pipeline/{closure}(Object(Illuminate/Http/Request))
#47 C:/Users/hp/Downloads/blog-dashboard/vendor/laravel/framework/src/Illuminate/Pipeline/Pipeline.php(183): Illuminate/Foundation/Http/Middleware/PreventRequestsDuringMaintenance->handle(Object(Illuminate/Http/Request), Object(Closure))
#48 C:/Users/hp/Downloads/blog-dashboard/vendor/laravel/framework/src/Illuminate/Http/Middleware/HandleCors.php(49): Illuminate/Pipeline/Pipeline->Illuminate/Pipeline/{closure}(Object(Illuminate/Http/Request))
#49 C:/Users/hp/Downloads/blog-dashboard/vendor/laravel/framework/src/Illuminate/Pipeline/Pipeline.php(183): Illuminate/Http/Middleware/HandleCors->handle(Object(Illuminate/Http/Request), Object(Closure))
#50 C:/Users/hp/Downloads/blog-dashboard/vendor/laravel/framework/src/Illuminate/Http/Middleware/TrustProxies.php(39): Illuminate/Pipeline/Pipeline->Illuminate/Pipeline/{closure}(Object(Illuminate/Http/Request))
#51 C:/Users/hp/Downloads/blog-dashboard/vendor/laravel/framework/src/Illuminate/Pipeline/Pipeline.php(183): Illuminate/Http/Middleware/TrustProxies->handle(Object(Illuminate/Http/Request), Object(Closure))
#52 C:/Users/hp/Downloads/blog-dashboard/vendor/laravel/framework/src/Illuminate/Pipeline/Pipeline.php(119): Illuminate/Pipeline/Pipeline->Illuminate/Pipeline/{closure}(Object(Illuminate/Http/Request))
#53 C:/Users/hp/Downloads/blog-dashboard/vendor/laravel/framework/src/Illuminate/Foundation/Http/Kernel.php(175): Illuminate/Pipeline/Pipeline->then(Object(Closure))
#54 C:/Users/hp/Downloads/blog-dashboard/vendor/laravel/framework/src/Illuminate/Foundation/Http/Kernel.php(144): Illuminate/Foundation/Http/Kernel->sendRequestThroughRouter(Object(Illuminate/Http/Request))
#55 C:/Users/hp/Downloads/blog-dashboard/public/index.php(36): Illuminate/Foundation/Http/Kernel->handle(Object(Illuminate/Http/Request))
#56 C:/Users/hp/Downloads/blog-dashboard/server.php(21): require_once('C://Users//hp//Dow...')
#57 {main}
"} 
[2026-06-11 18:37:43] local.ERROR: PHP Parse error: Syntax error, unexpected T_NS_SEPARATOR, expecting ';' on line 1 {"exception":"[object] (Psy\\Exception\\ParseErrorException(code: 0): PHP Parse error: Syntax error, unexpected T_NS_SEPARATOR, expecting ';' on line 1 at C:/Users/hp/Downloads/blog-dashboard/vendor/psy/psysh/src/Exception/ParseErrorException.php:44)
[stacktrace]
#0 C:/Users/hp/Downloads/blog-dashboard/vendor/psy/psysh/src/CodeCleaner.php(657): Psy/Exception/ParseErrorException::fromParseError(Object(PhpParser/Error))
#1 C:/Users/hp/Downloads/blog-dashboard/vendor/psy/psysh/src/CodeCleaner.php(273): Psy/CodeCleaner->parse('<?php echo App//...', false)
#2 C:/Users/hp/Downloads/blog-dashboard/vendor/psy/psysh/src/Shell.php(1364): Psy/CodeCleaner->clean(Array, false)
#3 C:/Users/hp/Downloads/blog-dashboard/vendor/psy/psysh/src/Shell.php(1471): Psy/Shell->appendCode('echo App////Model...', true, false)
#4 C:/Users/hp/Downloads/blog-dashboard/vendor/psy/psysh/src/Shell.php(2180): Psy/Shell->setCode('echo App////Model...', true)
#5 C:/Users/hp/Downloads/blog-dashboard/vendor/laravel/tinker/src/Console/TinkerCommand.php(77): Psy/Shell->execute('echo App////Model...')
#6 C:/Users/hp/Downloads/blog-dashboard/vendor/laravel/framework/src/Illuminate/Container/BoundMethod.php(36): Laravel/Tinker/Console/TinkerCommand->handle()
#7 C:/Users/hp/Downloads/blog-dashboard/vendor/laravel/framework/src/Illuminate/Container/Util.php(41): Illuminate/Container/BoundMethod::Illuminate/Container/{closure}()
#8 C:/Users/hp/Downloads/blog-dashboard/vendor/laravel/framework/src/Illuminate/Container/BoundMethod.php(93): Illuminate/Container/Util::unwrapIfClosure(Object(Closure))
#9 C:/Users/hp/Downloads/blog-dashboard/vendor/laravel/framework/src/Illuminate/Container/BoundMethod.php(35): Illuminate/Container/BoundMethod::callBoundMethod(Object(Illuminate/Foundation/Application), Array, Object(Closure))
#10 C:/Users/hp/Downloads/blog-dashboard/vendor/laravel/framework/src/Illuminate/Container/Container.php(662): Illuminate/Container/BoundMethod::call(Object(Illuminate/Foundation/Application), Array, Array, NULL)
#11 C:/Users/hp/Downloads/blog-dashboard/vendor/laravel/framework/src/Illuminate/Console/Command.php(211): Illuminate/Container/Container->call(Array)
#12 C:/Users/hp/Downloads/blog-dashboard/vendor/symfony/console/Command/Command.php(326): Illuminate/Console/Command->execute(Object(Symfony/Component/Console/Input/ArgvInput), Object(Illuminate/Console/OutputStyle))
#13 C:/Users/hp/Downloads/blog-dashboard/vendor/laravel/framework/src/Illuminate/Console/Command.php(180): Symfony/Component/Console/Command/Command->run(Object(Symfony/Component/Console/Input/ArgvInput), Object(Illuminate/Console/OutputStyle))
#14 C:/Users/hp/Downloads/blog-dashboard/vendor/symfony/console/Application.php(1121): Illuminate/Console/Command->run(Object(Symfony/Component/Console/Input/ArgvInput), Object(Symfony/Component/Console/Output/ConsoleOutput))
#15 C:/Users/hp/Downloads/blog-dashboard/vendor/symfony/console/Application.php(324): Symfony/Component/Console/Application->doRunCommand(Object(Laravel/Tinker/Console/TinkerCommand), Object(Symfony/Component/Console/Input/ArgvInput), Object(Symfony/Component/Console/Output/ConsoleOutput))
#16 C:/Users/hp/Downloads/blog-dashboard/vendor/symfony/console/Application.php(175): Symfony/Component/Console/Application->doRun(Object(Symfony/Component/Console/Input/ArgvInput), Object(Symfony/Component/Console/Output/ConsoleOutput))
#17 C:/Users/hp/Downloads/blog-dashboard/vendor/laravel/framework/src/Illuminate/Foundation/Console/Kernel.php(201): Symfony/Component/Console/Application->run(Object(Symfony/Component/Console/Input/ArgvInput), Object(Symfony/Component/Console/Output/ConsoleOutput))
#18 C:/Users/hp/Downloads/blog-dashboard/artisan(24): Illuminate/Foundation/Console/Kernel->handle(Object(Symfony/Component/Console/Input/ArgvInput), Object(Symfony/Component/Console/Output/ConsoleOutput))
#19 {main}
"} 
